unit_id,variant_id,shift_id,sequence_number,start_time_s
UNIT-000000,SEDAN,SHIFT_1,0,0.0
UNIT-000001,SUV,SHIFT_1,1,60.0
UNIT-000002,SEDAN,SHIFT_1,2,120.0
UNIT-000003,SEDAN,SHIFT_1,3,180.0
UNIT-000004,SEDAN,SHIFT_1,4,240.0
UNIT-000005,SEDAN,SHIFT_1,5,300.0
UNIT-000006,SUV,SHIFT_1,6,360.0
UNIT-000007,SEDAN,SHIFT_1,7,420.0
UNIT-000008,SUV,SHIFT_1,8,480.0
UNIT-000009,SUV,SHIFT_1,9,540.0
UNIT-000010,SEDAN,SHIFT_1,10,600.0
UNIT-000011,SEDAN,SHIFT_1,11,660.0
UNIT-000012,SEDAN,SHIFT_1,12,720.0
UNIT-000013,SEDAN,SHIFT_1,13,780.0
UNIT-000014,SUV,SHIFT_1,14,840.0
UNIT-000015,SEDAN,SHIFT_1,15,900.0
UNIT-000016,SEDAN,SHIFT_1,16,960.0
UNIT-000017,SEDAN,SHIFT_1,17,1020.0
UNIT-000018,SEDAN,SHIFT_1,18,1080.0
UNIT-000019,SEDAN,SHIFT_1,19,1140.0
UNIT-000020,SEDAN,SHIFT_1,20,1200.0
UNIT-000021,SUV,SHIFT_1,21,1260.0
UNIT-000022,SUV,SHIFT_1,22,1320.0
UNIT-000023,SEDAN,SHIFT_1,23,1380.0
UNIT-000024,SUV,SHIFT_1,24,1440.0
UNIT-000025,SUV,SHIFT_1,25,1500.0
UNIT-000026,SUV,SHIFT_1,26,1560.0
UNIT-000027,SEDAN,SHIFT_1,27,1620.0
UNIT-000028,SEDAN,SHIFT_1,28,1680.0
UNIT-000029,SUV,SHIFT_1,29,1740.0
UNIT-000030,SUV,SHIFT_1,30,1800.0
UNIT-000031,SEDAN,SHIFT_1,31,1860.0
UNIT-000032,SUV,SHIFT_1,32,1920.0
UNIT-000033,SUV,SHIFT_1,33,1980.0
UNIT-000034,SEDAN,SHIFT_1,34,2040.0
UNIT-000035,SUV,SHIFT_1,35,2100.0
UNIT-000036,SEDAN,SHIFT_1,36,2160.0
UNIT-000037,SUV,SHIFT_1,37,2220.0
UNIT-000038,SUV,SHIFT_1,38,2280.0
UNIT-000039,SUV,SHIFT_1,39,2340.0
UNIT-000040,SEDAN,SHIFT_1,40,2400.0
UNIT-000041,SEDAN,SHIFT_1,41,2460.0
UNIT-000042,SEDAN,SHIFT_1,42,2520.0
UNIT-000043,SUV,SHIFT_1,43,2580.0
UNIT-000044,SEDAN,SHIFT_1,44,2640.0
UNIT-000045,SUV,SHIFT_1,45,2700.0
UNIT-000046,SUV,SHIFT_1,46,2760.0
UNIT-000047,SEDAN,SHIFT_1,47,2820.0
UNIT-000048,SEDAN,SHIFT_1,48,2880.0
UNIT-000049,SUV,SHIFT_1,49,2940.0
UNIT-000050,SEDAN,SHIFT_1,50,3000.0
UNIT-000051,SUV,SHIFT_1,51,3060.0
UNIT-000052,SUV,SHIFT_1,52,3120.0
UNIT-000053,SEDAN,SHIFT_1,53,3180.0
UNIT-000054,SUV,SHIFT_1,54,3240.0
UNIT-000055,SUV,SHIFT_1,55,3300.0
UNIT-000056,SUV,SHIFT_1,56,3360.0
UNIT-000057,SEDAN,SHIFT_1,57,3420.0
UNIT-000058,SEDAN,SHIFT_1,58,3480.0
UNIT-000059,SEDAN,SHIFT_1,59,3540.0
UNIT-000060,SEDAN,SHIFT_1,60,3600.0
UNIT-000061,SUV,SHIFT_1,61,3660.0
UNIT-000062,SEDAN,SHIFT_1,62,3720.0
UNIT-000063,SUV,SHIFT_1,63,3780.0
UNIT-000064,SUV,SHIFT_1,64,3840.0
UNIT-000065,SUV,SHIFT_1,65,3900.0
UNIT-000066,SUV,SHIFT_1,66,3960.0
UNIT-000067,SEDAN,SHIFT_1,67,4020.0
UNIT-000068,SEDAN,SHIFT_1,68,4080.0
UNIT-000069,SEDAN,SHIFT_1,69,4140.0
UNIT-000070,SUV,SHIFT_1,70,4200.0
UNIT-000071,SUV,SHIFT_1,71,4260.0
UNIT-000072,SEDAN,SHIFT_1,72,4320.0
UNIT-000073,SUV,SHIFT_1,73,4380.0
UNIT-000074,SEDAN,SHIFT_1,74,4440.0
UNIT-000075,SEDAN,SHIFT_1,75,4500.0
UNIT-000076,SEDAN,SHIFT_1,76,4560.0
UNIT-000077,SUV,SHIFT_1,77,4620.0
UNIT-000078,SEDAN,SHIFT_1,78,4680.0
UNIT-000079,SEDAN,SHIFT_1,79,4740.0
UNIT-000080,SEDAN,SHIFT_1,80,4800.0
UNIT-000081,SUV,SHIFT_1,81,4860.0
UNIT-000082,SEDAN,SHIFT_1,82,4920.0
UNIT-000083,SUV,SHIFT_1,83,4980.0
UNIT-000084,SUV,SHIFT_1,84,5040.0
UNIT-000085,SEDAN,SHIFT_1,85,5100.0
UNIT-000086,SEDAN,SHIFT_1,86,5160.0
UNIT-000087,SEDAN,SHIFT_1,87,5220.0
UNIT-000088,SUV,SHIFT_1,88,5280.0
UNIT-000089,SUV,SHIFT_1,89,5340.0
UNIT-000090,SUV,SHIFT_1,90,5400.0
UNIT-000091,SEDAN,SHIFT_1,91,5460.0
UNIT-000092,SUV,SHIFT_1,92,5520.0
UNIT-000093,SEDAN,SHIFT_1,93,5580.0
UNIT-000094,SEDAN,SHIFT_1,94,5640.0
UNIT-000095,SEDAN,SHIFT_1,95,5700.0
UNIT-000096,SUV,SHIFT_1,96,5760.0
UNIT-000097,SEDAN,SHIFT_1,97,5820.0
UNIT-000098,SUV,SHIFT_1,98,5880.0
UNIT-000099,SEDAN,SHIFT_1,99,5940.0
UNIT-000100,SUV,SHIFT_1,100,6000.0
UNIT-000101,SEDAN,SHIFT_1,101,6060.0
UNIT-000102,SEDAN,SHIFT_1,102,6120.0
UNIT-000103,SUV,SHIFT_1,103,6180.0
UNIT-000104,SEDAN,SHIFT_1,104,6240.0
UNIT-000105,SEDAN,SHIFT_1,105,6300.0
UNIT-000106,SEDAN,SHIFT_1,106,6360.0
UNIT-000107,SEDAN,SHIFT_1,107,6420.0
UNIT-000108,SEDAN,SHIFT_1,108,6480.0
UNIT-000109,SUV,SHIFT_1,109,6540.0
UNIT-000110,SEDAN,SHIFT_1,110,6600.0
UNIT-000111,SEDAN,SHIFT_1,111,6660.0
UNIT-000112,SEDAN,SHIFT_1,112,6720.0
UNIT-000113,SUV,SHIFT_1,113,6780.0
UNIT-000114,SUV,SHIFT_1,114,6840.0
UNIT-000115,SEDAN,SHIFT_1,115,6900.0
UNIT-000116,SEDAN,SHIFT_1,116,6960.0
UNIT-000117,SEDAN,SHIFT_1,117,7020.0
UNIT-000118,SEDAN,SHIFT_1,118,7080.0
UNIT-000119,SUV,SHIFT_1,119,7140.0
UNIT-000120,SUV,SHIFT_1,120,7200.0
UNIT-000121,SUV,SHIFT_1,121,7260.0
UNIT-000122,SUV,SHIFT_1,122,7320.0
UNIT-000123,SEDAN,SHIFT_1,123,7380.0
UNIT-000124,SUV,SHIFT_1,124,7440.0
UNIT-000125,SUV,SHIFT_1,125,7500.0
UNIT-000126,SEDAN,SHIFT_1,126,7560.0
UNIT-000127,SEDAN,SHIFT_1,127,7620.0
UNIT-000128,SEDAN,SHIFT_1,128,7680.0
UNIT-000129,SUV,SHIFT_1,129,7740.0
UNIT-000130,SEDAN,SHIFT_1,130,7800.0
UNIT-000131,SEDAN,SHIFT_1,131,7860.0
UNIT-000132,SUV,SHIFT_1,132,7920.0
UNIT-000133,SEDAN,SHIFT_1,133,7980.0
UNIT-000134,SEDAN,SHIFT_1,134,8040.0
UNIT-000135,SEDAN,SHIFT_1,135,8100.0
UNIT-000136,SUV,SHIFT_1,136,8160.0
UNIT-000137,SEDAN,SHIFT_1,137,8220.0
UNIT-000138,SUV,SHIFT_1,138,8280.0
UNIT-000139,SUV,SHIFT_1,139,8340.0
UNIT-000140,SUV,SHIFT_1,140,8400.0
UNIT-000141,SEDAN,SHIFT_1,141,8460.0
UNIT-000142,SEDAN,SHIFT_1,142,8520.0
UNIT-000143,SEDAN,SHIFT_1,143,8580.0
UNIT-000144,SUV,SHIFT_1,144,8640.0
UNIT-000145,SUV,SHIFT_1,145,8700.0
UNIT-000146,SEDAN,SHIFT_1,146,8760.0
UNIT-000147,SUV,SHIFT_1,147,8820.0
UNIT-000148,SEDAN,SHIFT_1,148,8880.0
UNIT-000149,SEDAN,SHIFT_1,149,8940.0
UNIT-000150,SUV,SHIFT_1,150,9000.0
UNIT-000151,SEDAN,SHIFT_1,151,9060.0
UNIT-000152,SUV,SHIFT_1,152,9120.0
UNIT-000153,SUV,SHIFT_1,153,9180.0
UNIT-000154,SEDAN,SHIFT_1,154,9240.0
UNIT-000155,SUV,SHIFT_1,155,9300.0
UNIT-000156,SEDAN,SHIFT_1,156,9360.0
UNIT-000157,SUV,SHIFT_1,157,9420.0
UNIT-000158,SUV,SHIFT_1,158,9480.0
UNIT-000159,SEDAN,SHIFT_1,159,9540.0
UNIT-000160,SEDAN,SHIFT_1,160,9600.0
UNIT-000161,SEDAN,SHIFT_1,161,9660.0
UNIT-000162,SEDAN,SHIFT_1,162,9720.0
UNIT-000163,SEDAN,SHIFT_1,163,9780.0
UNIT-000164,SEDAN,SHIFT_1,164,9840.0
UNIT-000165,SEDAN,SHIFT_1,165,9900.0
UNIT-000166,SUV,SHIFT_1,166,9960.0
UNIT-000167,SUV,SHIFT_1,167,10020.0
UNIT-000168,SEDAN,SHIFT_1,168,10080.0
UNIT-000169,SUV,SHIFT_1,169,10140.0
UNIT-000170,SEDAN,SHIFT_1,170,10200.0
UNIT-000171,SUV,SHIFT_1,171,10260.0
UNIT-000172,SEDAN,SHIFT_1,172,10320.0
UNIT-000173,SEDAN,SHIFT_1,173,10380.0
UNIT-000174,SEDAN,SHIFT_1,174,10440.0
UNIT-000175,SEDAN,SHIFT_1,175,10500.0
UNIT-000176,SEDAN,SHIFT_1,176,10560.0
UNIT-000177,SEDAN,SHIFT_1,177,10620.0
UNIT-000178,SEDAN,SHIFT_1,178,10680.0
UNIT-000179,SEDAN,SHIFT_1,179,10740.0
UNIT-000180,SEDAN,SHIFT_1,180,10800.0
UNIT-000181,SEDAN,SHIFT_1,181,10860.0
UNIT-000182,SEDAN,SHIFT_1,182,10920.0
UNIT-000183,SEDAN,SHIFT_1,183,10980.0
UNIT-000184,SEDAN,SHIFT_1,184,11040.0
UNIT-000185,SUV,SHIFT_1,185,11100.0
UNIT-000186,SEDAN,SHIFT_1,186,11160.0
UNIT-000187,SUV,SHIFT_1,187,11220.0
UNIT-000188,SUV,SHIFT_1,188,11280.0
UNIT-000189,SEDAN,SHIFT_1,189,11340.0
UNIT-000190,SEDAN,SHIFT_1,190,11400.0
UNIT-000191,SUV,SHIFT_1,191,11460.0
UNIT-000192,SUV,SHIFT_1,192,11520.0
UNIT-000193,SUV,SHIFT_1,193,11580.0
UNIT-000194,SEDAN,SHIFT_1,194,11640.0
UNIT-000195,SEDAN,SHIFT_1,195,11700.0
UNIT-000196,SEDAN,SHIFT_1,196,11760.0
UNIT-000197,SEDAN,SHIFT_1,197,11820.0
UNIT-000198,SEDAN,SHIFT_1,198,11880.0
UNIT-000199,SEDAN,SHIFT_1,199,11940.0
UNIT-000200,SEDAN,SHIFT_1,200,12000.0
UNIT-000201,SUV,SHIFT_1,201,12060.0
UNIT-000202,SEDAN,SHIFT_1,202,12120.0
UNIT-000203,SUV,SHIFT_1,203,12180.0
UNIT-000204,SUV,SHIFT_1,204,12240.0
UNIT-000205,SEDAN,SHIFT_1,205,12300.0
UNIT-000206,SUV,SHIFT_1,206,12360.0
UNIT-000207,SUV,SHIFT_1,207,12420.0
UNIT-000208,SEDAN,SHIFT_1,208,12480.0
UNIT-000209,SUV,SHIFT_1,209,12540.0
UNIT-000210,SEDAN,SHIFT_1,210,12600.0
UNIT-000211,SEDAN,SHIFT_1,211,12660.0
UNIT-000212,SUV,SHIFT_1,212,12720.0
UNIT-000213,SEDAN,SHIFT_1,213,12780.0
UNIT-000214,SUV,SHIFT_1,214,12840.0
UNIT-000215,SUV,SHIFT_1,215,12900.0
UNIT-000216,SUV,SHIFT_1,216,12960.0
UNIT-000217,SUV,SHIFT_1,217,13020.0
UNIT-000218,SEDAN,SHIFT_1,218,13080.0
UNIT-000219,SEDAN,SHIFT_1,219,13140.0
UNIT-000220,SEDAN,SHIFT_1,220,13200.0
UNIT-000221,SUV,SHIFT_1,221,13260.0
UNIT-000222,SUV,SHIFT_1,222,13320.0
UNIT-000223,SEDAN,SHIFT_1,223,13380.0
UNIT-000224,SUV,SHIFT_1,224,13440.0
UNIT-000225,SEDAN,SHIFT_1,225,13500.0
UNIT-000226,SEDAN,SHIFT_1,226,13560.0
UNIT-000227,SEDAN,SHIFT_1,227,13620.0
UNIT-000228,SUV,SHIFT_1,228,13680.0
UNIT-000229,SEDAN,SHIFT_1,229,13740.0
UNIT-000230,SEDAN,SHIFT_1,230,13800.0
UNIT-000231,SEDAN,SHIFT_1,231,13860.0
UNIT-000232,SUV,SHIFT_1,232,13920.0
UNIT-000233,SEDAN,SHIFT_1,233,13980.0
UNIT-000234,SEDAN,SHIFT_1,234,14040.0
UNIT-000235,SEDAN,SHIFT_1,235,14100.0
UNIT-000236,SEDAN,SHIFT_1,236,14160.0
UNIT-000237,SUV,SHIFT_1,237,14220.0
UNIT-000238,SEDAN,SHIFT_1,238,14280.0
UNIT-000239,SUV,SHIFT_1,239,14340.0
UNIT-000240,SUV,SHIFT_1,240,14400.0
UNIT-000241,SEDAN,SHIFT_1,241,14460.0
UNIT-000242,SEDAN,SHIFT_1,242,14520.0
UNIT-000243,SEDAN,SHIFT_1,243,14580.0
UNIT-000244,SEDAN,SHIFT_1,244,14640.0
UNIT-000245,SUV,SHIFT_1,245,14700.0
UNIT-000246,SEDAN,SHIFT_1,246,14760.0
UNIT-000247,SUV,SHIFT_1,247,14820.0
UNIT-000248,SEDAN,SHIFT_1,248,14880.0
UNIT-000249,SUV,SHIFT_1,249,14940.0
UNIT-000250,SUV,SHIFT_1,250,15000.0
UNIT-000251,SUV,SHIFT_1,251,15060.0
UNIT-000252,SEDAN,SHIFT_1,252,15120.0
UNIT-000253,SEDAN,SHIFT_1,253,15180.0
UNIT-000254,SEDAN,SHIFT_1,254,15240.0
UNIT-000255,SEDAN,SHIFT_1,255,15300.0
UNIT-000256,SEDAN,SHIFT_1,256,15360.0
UNIT-000257,SUV,SHIFT_1,257,15420.0
UNIT-000258,SUV,SHIFT_1,258,15480.0
UNIT-000259,SUV,SHIFT_1,259,15540.0
UNIT-000260,SEDAN,SHIFT_1,260,15600.0
UNIT-000261,SUV,SHIFT_1,261,15660.0
UNIT-000262,SEDAN,SHIFT_1,262,15720.0
UNIT-000263,SUV,SHIFT_1,263,15780.0
UNIT-000264,SUV,SHIFT_1,264,15840.0
UNIT-000265,SEDAN,SHIFT_1,265,15900.0
UNIT-000266,SUV,SHIFT_1,266,15960.0
UNIT-000267,SEDAN,SHIFT_1,267,16020.0
UNIT-000268,SUV,SHIFT_1,268,16080.0
UNIT-000269,SEDAN,SHIFT_1,269,16140.0
UNIT-000270,SEDAN,SHIFT_1,270,16200.0
UNIT-000271,SUV,SHIFT_1,271,16260.0
UNIT-000272,SEDAN,SHIFT_1,272,16320.0
UNIT-000273,SEDAN,SHIFT_1,273,16380.0
UNIT-000274,SEDAN,SHIFT_1,274,16440.0
UNIT-000275,SEDAN,SHIFT_1,275,16500.0
UNIT-000276,SUV,SHIFT_1,276,16560.0
UNIT-000277,SEDAN,SHIFT_1,277,16620.0
UNIT-000278,SUV,SHIFT_1,278,16680.0
UNIT-000279,SEDAN,SHIFT_1,279,16740.0
UNIT-000280,SUV,SHIFT_1,280,16800.0
UNIT-000281,SEDAN,SHIFT_1,281,16860.0
UNIT-000282,SUV,SHIFT_1,282,16920.0
UNIT-000283,SUV,SHIFT_1,283,16980.0
UNIT-000284,SEDAN,SHIFT_1,284,17040.0
UNIT-000285,SEDAN,SHIFT_1,285,17100.0
UNIT-000286,SUV,SHIFT_1,286,17160.0
UNIT-000287,SEDAN,SHIFT_1,287,17220.0
UNIT-000288,SEDAN,SHIFT_1,288,17280.0
UNIT-000289,SEDAN,SHIFT_1,289,17340.0
UNIT-000290,SEDAN,SHIFT_1,290,17400.0
UNIT-000291,SUV,SHIFT_1,291,17460.0
UNIT-000292,SUV,SHIFT_1,292,17520.0
UNIT-000293,SEDAN,SHIFT_1,293,17580.0
UNIT-000294,SEDAN,SHIFT_1,294,17640.0
UNIT-000295,SUV,SHIFT_1,295,17700.0
UNIT-000296,SEDAN,SHIFT_1,296,17760.0
UNIT-000297,SUV,SHIFT_1,297,17820.0
UNIT-000298,SEDAN,SHIFT_1,298,17880.0
UNIT-000299,SEDAN,SHIFT_1,299,17940.0
UNIT-000300,SUV,SHIFT_1,300,18000.0
UNIT-000301,SEDAN,SHIFT_1,301,18060.0
UNIT-000302,SUV,SHIFT_1,302,18120.0
UNIT-000303,SUV,SHIFT_1,303,18180.0
UNIT-000304,SEDAN,SHIFT_1,304,18240.0
UNIT-000305,SEDAN,SHIFT_1,305,18300.0
UNIT-000306,SEDAN,SHIFT_1,306,18360.0
UNIT-000307,SEDAN,SHIFT_1,307,18420.0
UNIT-000308,SUV,SHIFT_1,308,18480.0
UNIT-000309,SEDAN,SHIFT_1,309,18540.0
UNIT-000310,SEDAN,SHIFT_1,310,18600.0
UNIT-000311,SUV,SHIFT_1,311,18660.0
UNIT-000312,SEDAN,SHIFT_1,312,18720.0
UNIT-000313,SUV,SHIFT_1,313,18780.0
UNIT-000314,SUV,SHIFT_1,314,18840.0
UNIT-000315,SEDAN,SHIFT_1,315,18900.0
UNIT-000316,SEDAN,SHIFT_1,316,18960.0
UNIT-000317,SEDAN,SHIFT_1,317,19020.0
UNIT-000318,SUV,SHIFT_1,318,19080.0
UNIT-000319,SEDAN,SHIFT_1,319,19140.0
UNIT-000320,SUV,SHIFT_1,320,19200.0
UNIT-000321,SEDAN,SHIFT_1,321,19260.0
UNIT-000322,SUV,SHIFT_1,322,19320.0
UNIT-000323,SEDAN,SHIFT_1,323,19380.0
UNIT-000324,SEDAN,SHIFT_1,324,19440.0
UNIT-000325,SEDAN,SHIFT_1,325,19500.0
UNIT-000326,SUV,SHIFT_1,326,19560.0
UNIT-000327,SEDAN,SHIFT_1,327,19620.0
UNIT-000328,SUV,SHIFT_1,328,19680.0
UNIT-000329,SEDAN,SHIFT_1,329,19740.0
UNIT-000330,SUV,SHIFT_1,330,19800.0
UNIT-000331,SEDAN,SHIFT_1,331,19860.0
UNIT-000332,SUV,SHIFT_1,332,19920.0
UNIT-000333,SEDAN,SHIFT_1,333,19980.0
UNIT-000334,SEDAN,SHIFT_1,334,20040.0
UNIT-000335,SUV,SHIFT_1,335,20100.0
UNIT-000336,SEDAN,SHIFT_1,336,20160.0
UNIT-000337,SUV,SHIFT_1,337,20220.0
UNIT-000338,SUV,SHIFT_1,338,20280.0
UNIT-000339,SEDAN,SHIFT_1,339,20340.0
UNIT-000340,SEDAN,SHIFT_1,340,20400.0
UNIT-000341,SEDAN,SHIFT_1,341,20460.0
UNIT-000342,SEDAN,SHIFT_1,342,20520.0
UNIT-000343,SEDAN,SHIFT_1,343,20580.0
UNIT-000344,SUV,SHIFT_1,344,20640.0
UNIT-000345,SUV,SHIFT_1,345,20700.0
UNIT-000346,SEDAN,SHIFT_1,346,20760.0
UNIT-000347,SEDAN,SHIFT_1,347,20820.0
UNIT-000348,SEDAN,SHIFT_1,348,20880.0
UNIT-000349,SEDAN,SHIFT_1,349,20940.0
UNIT-000350,SEDAN,SHIFT_1,350,21000.0
UNIT-000351,SUV,SHIFT_1,351,21060.0
UNIT-000352,SUV,SHIFT_1,352,21120.0
UNIT-000353,SEDAN,SHIFT_1,353,21180.0
UNIT-000354,SEDAN,SHIFT_1,354,21240.0
UNIT-000355,SUV,SHIFT_1,355,21300.0
UNIT-000356,SEDAN,SHIFT_1,356,21360.0
UNIT-000357,SEDAN,SHIFT_1,357,21420.0
UNIT-000358,SEDAN,SHIFT_1,358,21480.0
UNIT-000359,SEDAN,SHIFT_1,359,21540.0
UNIT-000360,SEDAN,SHIFT_1,360,21600.0
UNIT-000361,SEDAN,SHIFT_1,361,21660.0
UNIT-000362,SUV,SHIFT_1,362,21720.0
UNIT-000363,SEDAN,SHIFT_1,363,21780.0
UNIT-000364,SEDAN,SHIFT_1,364,21840.0
UNIT-000365,SUV,SHIFT_1,365,21900.0
UNIT-000366,SEDAN,SHIFT_1,366,21960.0
UNIT-000367,SEDAN,SHIFT_1,367,22020.0
UNIT-000368,SEDAN,SHIFT_1,368,22080.0
UNIT-000369,SUV,SHIFT_1,369,22140.0
UNIT-000370,SEDAN,SHIFT_1,370,22200.0
UNIT-000371,SEDAN,SHIFT_1,371,22260.0
UNIT-000372,SEDAN,SHIFT_1,372,22320.0
UNIT-000373,SEDAN,SHIFT_1,373,22380.0
UNIT-000374,SUV,SHIFT_1,374,22440.0
UNIT-000375,SEDAN,SHIFT_1,375,22500.0
UNIT-000376,SUV,SHIFT_1,376,22560.0
UNIT-000377,SEDAN,SHIFT_1,377,22620.0
UNIT-000378,SUV,SHIFT_1,378,22680.0
UNIT-000379,SEDAN,SHIFT_1,379,22740.0
UNIT-000380,SEDAN,SHIFT_1,380,22800.0
UNIT-000381,SEDAN,SHIFT_1,381,22860.0
UNIT-000382,SEDAN,SHIFT_1,382,22920.0
UNIT-000383,SUV,SHIFT_1,383,22980.0
UNIT-000384,SEDAN,SHIFT_1,384,23040.0
UNIT-000385,SUV,SHIFT_1,385,23100.0
UNIT-000386,SEDAN,SHIFT_1,386,23160.0
UNIT-000387,SEDAN,SHIFT_1,387,23220.0
UNIT-000388,SEDAN,SHIFT_1,388,23280.0
UNIT-000389,SEDAN,SHIFT_1,389,23340.0
UNIT-000390,SUV,SHIFT_1,390,23400.0
UNIT-000391,SUV,SHIFT_1,391,23460.0
UNIT-000392,SEDAN,SHIFT_1,392,23520.0
UNIT-000393,SEDAN,SHIFT_1,393,23580.0
UNIT-000394,SEDAN,SHIFT_1,394,23640.0
UNIT-000395,SUV,SHIFT_1,395,23700.0
UNIT-000396,SEDAN,SHIFT_1,396,23760.0
UNIT-000397,SUV,SHIFT_1,397,23820.0
UNIT-000398,SUV,SHIFT_1,398,23880.0
UNIT-000399,SUV,SHIFT_1,399,23940.0
UNIT-000400,SEDAN,SHIFT_1,400,24000.0
UNIT-000401,SUV,SHIFT_1,401,24060.0
UNIT-000402,SEDAN,SHIFT_1,402,24120.0
UNIT-000403,SEDAN,SHIFT_1,403,24180.0
UNIT-000404,SUV,SHIFT_1,404,24240.0
UNIT-000405,SUV,SHIFT_1,405,24300.0
UNIT-000406,SUV,SHIFT_1,406,24360.0
UNIT-000407,SUV,SHIFT_1,407,24420.0
UNIT-000408,SEDAN,SHIFT_1,408,24480.0
UNIT-000409,SEDAN,SHIFT_1,409,24540.0
UNIT-000410,SEDAN,SHIFT_1,410,24600.0
UNIT-000411,SEDAN,SHIFT_1,411,24660.0
UNIT-000412,SUV,SHIFT_1,412,24720.0
UNIT-000413,SEDAN,SHIFT_1,413,24780.0
UNIT-000414,SUV,SHIFT_1,414,24840.0
UNIT-000415,SEDAN,SHIFT_1,415,24900.0
UNIT-000416,SUV,SHIFT_1,416,24960.0
UNIT-000417,SEDAN,SHIFT_1,417,25020.0
UNIT-000418,SEDAN,SHIFT_1,418,25080.0
UNIT-000419,SUV,SHIFT_1,419,25140.0
UNIT-000420,SUV,SHIFT_1,420,25200.0
UNIT-000421,SUV,SHIFT_1,421,25260.0
UNIT-000422,SUV,SHIFT_1,422,25320.0
UNIT-000423,SEDAN,SHIFT_1,423,25380.0
UNIT-000424,SUV,SHIFT_1,424,25440.0
UNIT-000425,SUV,SHIFT_1,425,25500.0
UNIT-000426,SUV,SHIFT_1,426,25560.0
UNIT-000427,SUV,SHIFT_1,427,25620.0
UNIT-000428,SEDAN,SHIFT_1,428,25680.0
UNIT-000429,SUV,SHIFT_1,429,25740.0
UNIT-000430,SEDAN,SHIFT_1,430,25800.0
UNIT-000431,SEDAN,SHIFT_1,431,25860.0
UNIT-000432,SEDAN,SHIFT_1,432,25920.0
UNIT-000433,SUV,SHIFT_1,433,25980.0
UNIT-000434,SEDAN,SHIFT_1,434,26040.0
UNIT-000435,SUV,SHIFT_1,435,26100.0
UNIT-000436,SUV,SHIFT_1,436,26160.0
UNIT-000437,SUV,SHIFT_1,437,26220.0
UNIT-000438,SUV,SHIFT_1,438,26280.0
UNIT-000439,SEDAN,SHIFT_1,439,26340.0
UNIT-000440,SEDAN,SHIFT_1,440,26400.0
UNIT-000441,SUV,SHIFT_1,441,26460.0
UNIT-000442,SUV,SHIFT_1,442,26520.0
UNIT-000443,SUV,SHIFT_1,443,26580.0
UNIT-000444,SEDAN,SHIFT_1,444,26640.0
UNIT-000445,SUV,SHIFT_1,445,26700.0
UNIT-000446,SEDAN,SHIFT_1,446,26760.0
UNIT-000447,SEDAN,SHIFT_1,447,26820.0
UNIT-000448,SUV,SHIFT_1,448,26880.0
UNIT-000449,SEDAN,SHIFT_1,449,26940.0
UNIT-000450,SEDAN,SHIFT_1,450,27000.0
UNIT-000451,SEDAN,SHIFT_1,451,27060.0
UNIT-000452,SUV,SHIFT_1,452,27120.0
UNIT-000453,SUV,SHIFT_1,453,27180.0
UNIT-000454,SUV,SHIFT_1,454,27240.0
UNIT-000455,SEDAN,SHIFT_1,455,27300.0
UNIT-000456,SEDAN,SHIFT_1,456,27360.0
UNIT-000457,SUV,SHIFT_1,457,27420.0
UNIT-000458,SUV,SHIFT_1,458,27480.0
UNIT-000459,SEDAN,SHIFT_1,459,27540.0
UNIT-000460,SEDAN,SHIFT_1,460,27600.0
UNIT-000461,SUV,SHIFT_1,461,27660.0
UNIT-000462,SUV,SHIFT_1,462,27720.0
UNIT-000463,SUV,SHIFT_1,463,27780.0
UNIT-000464,SEDAN,SHIFT_1,464,27840.0
UNIT-000465,SUV,SHIFT_1,465,27900.0
UNIT-000466,SUV,SHIFT_1,466,27960.0
UNIT-000467,SUV,SHIFT_1,467,28020.0
UNIT-000468,SEDAN,SHIFT_1,468,28080.0
UNIT-000469,SEDAN,SHIFT_1,469,28140.0
UNIT-000470,SUV,SHIFT_1,470,28200.0
UNIT-000471,SUV,SHIFT_1,471,28260.0
UNIT-000472,SUV,SHIFT_1,472,28320.0
UNIT-000473,SEDAN,SHIFT_1,473,28380.0
UNIT-000474,SEDAN,SHIFT_1,474,28440.0
UNIT-000475,SUV,SHIFT_1,475,28500.0
UNIT-000476,SEDAN,SHIFT_1,476,28560.0
UNIT-000477,SEDAN,SHIFT_1,477,28620.0
UNIT-000478,SUV,SHIFT_1,478,28680.0
UNIT-000479,SUV,SHIFT_1,479,28740.0
UNIT-000480,SUV,SHIFT_2,480,28800.0
UNIT-000481,SEDAN,SHIFT_2,481,28860.0
UNIT-000482,SEDAN,SHIFT_2,482,28920.0
UNIT-000483,SEDAN,SHIFT_2,483,28980.0
UNIT-000484,SEDAN,SHIFT_2,484,29040.0
UNIT-000485,SEDAN,SHIFT_2,485,29100.0
UNIT-000486,SEDAN,SHIFT_2,486,29160.0
UNIT-000487,SUV,SHIFT_2,487,29220.0
UNIT-000488,SEDAN,SHIFT_2,488,29280.0
UNIT-000489,SUV,SHIFT_2,489,29340.0
UNIT-000490,SEDAN,SHIFT_2,490,29400.0
UNIT-000491,SUV,SHIFT_2,491,29460.0
UNIT-000492,SEDAN,SHIFT_2,492,29520.0
UNIT-000493,SEDAN,SHIFT_2,493,29580.0
UNIT-000494,SEDAN,SHIFT_2,494,29640.0
UNIT-000495,SEDAN,SHIFT_2,495,29700.0
UNIT-000496,SEDAN,SHIFT_2,496,29760.0
UNIT-000497,SEDAN,SHIFT_2,497,29820.0
UNIT-000498,SEDAN,SHIFT_2,498,29880.0
UNIT-000499,SEDAN,SHIFT_2,499,29940.0
UNIT-000500,SEDAN,SHIFT_2,500,30000.0
UNIT-000501,SEDAN,SHIFT_2,501,30060.0
UNIT-000502,SEDAN,SHIFT_2,502,30120.0
UNIT-000503,SUV,SHIFT_2,503,30180.0
UNIT-000504,SUV,SHIFT_2,504,30240.0
UNIT-000505,SEDAN,SHIFT_2,505,30300.0
UNIT-000506,SUV,SHIFT_2,506,30360.0
UNIT-000507,SEDAN,SHIFT_2,507,30420.0
UNIT-000508,SUV,SHIFT_2,508,30480.0
UNIT-000509,SEDAN,SHIFT_2,509,30540.0
UNIT-000510,SUV,SHIFT_2,510,30600.0
UNIT-000511,SUV,SHIFT_2,511,30660.0
UNIT-000512,SEDAN,SHIFT_2,512,30720.0
UNIT-000513,SEDAN,SHIFT_2,513,30780.0
UNIT-000514,SUV,SHIFT_2,514,30840.0
UNIT-000515,SUV,SHIFT_2,515,30900.0
UNIT-000516,SUV,SHIFT_2,516,30960.0
UNIT-000517,SEDAN,SHIFT_2,517,31020.0
UNIT-000518,SEDAN,SHIFT_2,518,31080.0
UNIT-000519,SEDAN,SHIFT_2,519,31140.0
UNIT-000520,SEDAN,SHIFT_2,520,31200.0
UNIT-000521,SEDAN,SHIFT_2,521,31260.0
UNIT-000522,SEDAN,SHIFT_2,522,31320.0
UNIT-000523,SEDAN,SHIFT_2,523,31380.0
UNIT-000524,SEDAN,SHIFT_2,524,31440.0
UNIT-000525,SUV,SHIFT_2,525,31500.0
UNIT-000526,SEDAN,SHIFT_2,526,31560.0
UNIT-000527,SUV,SHIFT_2,527,31620.0
UNIT-000528,SUV,SHIFT_2,528,31680.0
UNIT-000529,SUV,SHIFT_2,529,31740.0
UNIT-000530,SEDAN,SHIFT_2,530,31800.0
UNIT-000531,SUV,SHIFT_2,531,31860.0
UNIT-000532,SEDAN,SHIFT_2,532,31920.0
UNIT-000533,SEDAN,SHIFT_2,533,31980.0
UNIT-000534,SEDAN,SHIFT_2,534,32040.0
UNIT-000535,SUV,SHIFT_2,535,32100.0
UNIT-000536,SUV,SHIFT_2,536,32160.0
UNIT-000537,SEDAN,SHIFT_2,537,32220.0
UNIT-000538,SEDAN,SHIFT_2,538,32280.0
UNIT-000539,SEDAN,SHIFT_2,539,32340.0
UNIT-000540,SEDAN,SHIFT_2,540,32400.0
UNIT-000541,SEDAN,SHIFT_2,541,32460.0
UNIT-000542,SEDAN,SHIFT_2,542,32520.0
UNIT-000543,SUV,SHIFT_2,543,32580.0
UNIT-000544,SUV,SHIFT_2,544,32640.0
UNIT-000545,SUV,SHIFT_2,545,32700.0
UNIT-000546,SEDAN,SHIFT_2,546,32760.0
UNIT-000547,SUV,SHIFT_2,547,32820.0
UNIT-000548,SEDAN,SHIFT_2,548,32880.0
UNIT-000549,SUV,SHIFT_2,549,32940.0
UNIT-000550,SEDAN,SHIFT_2,550,33000.0
UNIT-000551,SEDAN,SHIFT_2,551,33060.0
UNIT-000552,SEDAN,SHIFT_2,552,33120.0
UNIT-000553,SEDAN,SHIFT_2,553,33180.0
UNIT-000554,SEDAN,SHIFT_2,554,33240.0
UNIT-000555,SEDAN,SHIFT_2,555,33300.0
UNIT-000556,SUV,SHIFT_2,556,33360.0
UNIT-000557,SUV,SHIFT_2,557,33420.0
UNIT-000558,SUV,SHIFT_2,558,33480.0
UNIT-000559,SUV,SHIFT_2,559,33540.0
UNIT-000560,SUV,SHIFT_2,560,33600.0
UNIT-000561,SUV,SHIFT_2,561,33660.0
UNIT-000562,SEDAN,SHIFT_2,562,33720.0
UNIT-000563,SEDAN,SHIFT_2,563,33780.0
UNIT-000564,SEDAN,SHIFT_2,564,33840.0
UNIT-000565,SEDAN,SHIFT_2,565,33900.0
UNIT-000566,SUV,SHIFT_2,566,33960.0
UNIT-000567,SUV,SHIFT_2,567,34020.0
UNIT-000568,SEDAN,SHIFT_2,568,34080.0
UNIT-000569,SEDAN,SHIFT_2,569,34140.0
UNIT-000570,SEDAN,SHIFT_2,570,34200.0
UNIT-000571,SEDAN,SHIFT_2,571,34260.0
UNIT-000572,SEDAN,SHIFT_2,572,34320.0
UNIT-000573,SUV,SHIFT_2,573,34380.0
UNIT-000574,SUV,SHIFT_2,574,34440.0
UNIT-000575,SEDAN,SHIFT_2,575,34500.0
UNIT-000576,SUV,SHIFT_2,576,34560.0
UNIT-000577,SUV,SHIFT_2,577,34620.0
UNIT-000578,SUV,SHIFT_2,578,34680.0
UNIT-000579,SEDAN,SHIFT_2,579,34740.0
UNIT-000580,SEDAN,SHIFT_2,580,34800.0
UNIT-000581,SEDAN,SHIFT_2,581,34860.0
UNIT-000582,SEDAN,SHIFT_2,582,34920.0
UNIT-000583,SEDAN,SHIFT_2,583,34980.0
UNIT-000584,SEDAN,SHIFT_2,584,35040.0
UNIT-000585,SUV,SHIFT_2,585,35100.0
UNIT-000586,SEDAN,SHIFT_2,586,35160.0
UNIT-000587,SEDAN,SHIFT_2,587,35220.0
UNIT-000588,SEDAN,SHIFT_2,588,35280.0
UNIT-000589,SEDAN,SHIFT_2,589,35340.0
UNIT-000590,SUV,SHIFT_2,590,35400.0
UNIT-000591,SEDAN,SHIFT_2,591,35460.0
UNIT-000592,SEDAN,SHIFT_2,592,35520.0
UNIT-000593,SUV,SHIFT_2,593,35580.0
UNIT-000594,SUV,SHIFT_2,594,35640.0
UNIT-000595,SEDAN,SHIFT_2,595,35700.0
UNIT-000596,SEDAN,SHIFT_2,596,35760.0
UNIT-000597,SUV,SHIFT_2,597,35820.0
UNIT-000598,SEDAN,SHIFT_2,598,35880.0
UNIT-000599,SUV,SHIFT_2,599,35940.0
UNIT-000600,SEDAN,SHIFT_2,600,36000.0
UNIT-000601,SUV,SHIFT_2,601,36060.0
UNIT-000602,SUV,SHIFT_2,602,36120.0
UNIT-000603,SUV,SHIFT_2,603,36180.0
UNIT-000604,SEDAN,SHIFT_2,604,36240.0
UNIT-000605,SUV,SHIFT_2,605,36300.0
UNIT-000606,SUV,SHIFT_2,606,36360.0
UNIT-000607,SEDAN,SHIFT_2,607,36420.0
UNIT-000608,SEDAN,SHIFT_2,608,36480.0
UNIT-000609,SEDAN,SHIFT_2,609,36540.0
UNIT-000610,SEDAN,SHIFT_2,610,36600.0
UNIT-000611,SEDAN,SHIFT_2,611,36660.0
UNIT-000612,SEDAN,SHIFT_2,612,36720.0
UNIT-000613,SUV,SHIFT_2,613,36780.0
UNIT-000614,SEDAN,SHIFT_2,614,36840.0
UNIT-000615,SUV,SHIFT_2,615,36900.0
UNIT-000616,SEDAN,SHIFT_2,616,36960.0
UNIT-000617,SEDAN,SHIFT_2,617,37020.0
UNIT-000618,SEDAN,SHIFT_2,618,37080.0
UNIT-000619,SUV,SHIFT_2,619,37140.0
UNIT-000620,SEDAN,SHIFT_2,620,37200.0
UNIT-000621,SEDAN,SHIFT_2,621,37260.0
UNIT-000622,SUV,SHIFT_2,622,37320.0
UNIT-000623,SUV,SHIFT_2,623,37380.0
UNIT-000624,SEDAN,SHIFT_2,624,37440.0
UNIT-000625,SUV,SHIFT_2,625,37500.0
UNIT-000626,SUV,SHIFT_2,626,37560.0
UNIT-000627,SUV,SHIFT_2,627,37620.0
UNIT-000628,SUV,SHIFT_2,628,37680.0
UNIT-000629,SEDAN,SHIFT_2,629,37740.0
UNIT-000630,SEDAN,SHIFT_2,630,37800.0
UNIT-000631,SUV,SHIFT_2,631,37860.0
UNIT-000632,SEDAN,SHIFT_2,632,37920.0
UNIT-000633,SEDAN,SHIFT_2,633,37980.0
UNIT-000634,SEDAN,SHIFT_2,634,38040.0
UNIT-000635,SEDAN,SHIFT_2,635,38100.0
UNIT-000636,SUV,SHIFT_2,636,38160.0
UNIT-000637,SUV,SHIFT_2,637,38220.0
UNIT-000638,SEDAN,SHIFT_2,638,38280.0
UNIT-000639,SUV,SHIFT_2,639,38340.0
UNIT-000640,SUV,SHIFT_2,640,38400.0
UNIT-000641,SUV,SHIFT_2,641,38460.0
UNIT-000642,SUV,SHIFT_2,642,38520.0
UNIT-000643,SEDAN,SHIFT_2,643,38580.0
UNIT-000644,SEDAN,SHIFT_2,644,38640.0
UNIT-000645,SEDAN,SHIFT_2,645,38700.0
UNIT-000646,SEDAN,SHIFT_2,646,38760.0
UNIT-000647,SEDAN,SHIFT_2,647,38820.0
UNIT-000648,SEDAN,SHIFT_2,648,38880.0
UNIT-000649,SEDAN,SHIFT_2,649,38940.0
UNIT-000650,SUV,SHIFT_2,650,39000.0
UNIT-000651,SEDAN,SHIFT_2,651,39060.0
UNIT-000652,SEDAN,SHIFT_2,652,39120.0
UNIT-000653,SUV,SHIFT_2,653,39180.0
UNIT-000654,SUV,SHIFT_2,654,39240.0
UNIT-000655,SUV,SHIFT_2,655,39300.0
UNIT-000656,SEDAN,SHIFT_2,656,39360.0
UNIT-000657,SUV,SHIFT_2,657,39420.0
UNIT-000658,SEDAN,SHIFT_2,658,39480.0
UNIT-000659,SEDAN,SHIFT_2,659,39540.0
UNIT-000660,SUV,SHIFT_2,660,39600.0
UNIT-000661,SUV,SHIFT_2,661,39660.0
UNIT-000662,SEDAN,SHIFT_2,662,39720.0
UNIT-000663,SEDAN,SHIFT_2,663,39780.0
UNIT-000664,SUV,SHIFT_2,664,39840.0
UNIT-000665,SUV,SHIFT_2,665,39900.0
UNIT-000666,SEDAN,SHIFT_2,666,39960.0
UNIT-000667,SUV,SHIFT_2,667,40020.0
UNIT-000668,SEDAN,SHIFT_2,668,40080.0
UNIT-000669,SEDAN,SHIFT_2,669,40140.0
UNIT-000670,SUV,SHIFT_2,670,40200.0
UNIT-000671,SEDAN,SHIFT_2,671,40260.0
UNIT-000672,SEDAN,SHIFT_2,672,40320.0
UNIT-000673,SUV,SHIFT_2,673,40380.0
UNIT-000674,SUV,SHIFT_2,674,40440.0
UNIT-000675,SUV,SHIFT_2,675,40500.0
UNIT-000676,SUV,SHIFT_2,676,40560.0
UNIT-000677,SUV,SHIFT_2,677,40620.0
UNIT-000678,SEDAN,SHIFT_2,678,40680.0
UNIT-000679,SEDAN,SHIFT_2,679,40740.0
UNIT-000680,SEDAN,SHIFT_2,680,40800.0
UNIT-000681,SEDAN,SHIFT_2,681,40860.0
UNIT-000682,SEDAN,SHIFT_2,682,40920.0
UNIT-000683,SEDAN,SHIFT_2,683,40980.0
UNIT-000684,SUV,SHIFT_2,684,41040.0
UNIT-000685,SEDAN,SHIFT_2,685,41100.0
UNIT-000686,SUV,SHIFT_2,686,41160.0
UNIT-000687,SEDAN,SHIFT_2,687,41220.0
UNIT-000688,SUV,SHIFT_2,688,41280.0
UNIT-000689,SEDAN,SHIFT_2,689,41340.0
UNIT-000690,SEDAN,SHIFT_2,690,41400.0
UNIT-000691,SUV,SHIFT_2,691,41460.0
UNIT-000692,SUV,SHIFT_2,692,41520.0
UNIT-000693,SUV,SHIFT_2,693,41580.0
UNIT-000694,SEDAN,SHIFT_2,694,41640.0
UNIT-000695,SEDAN,SHIFT_2,695,41700.0
UNIT-000696,SUV,SHIFT_2,696,41760.0
UNIT-000697,SUV,SHIFT_2,697,41820.0
UNIT-000698,SEDAN,SHIFT_2,698,41880.0
UNIT-000699,SUV,SHIFT_2,699,41940.0
UNIT-000700,SEDAN,SHIFT_2,700,42000.0
UNIT-000701,SEDAN,SHIFT_2,701,42060.0
UNIT-000702,SEDAN,SHIFT_2,702,42120.0
UNIT-000703,SEDAN,SHIFT_2,703,42180.0
UNIT-000704,SEDAN,SHIFT_2,704,42240.0
UNIT-000705,SEDAN,SHIFT_2,705,42300.0
UNIT-000706,SEDAN,SHIFT_2,706,42360.0
UNIT-000707,SEDAN,SHIFT_2,707,42420.0
UNIT-000708,SUV,SHIFT_2,708,42480.0
UNIT-000709,SEDAN,SHIFT_2,709,42540.0
UNIT-000710,SEDAN,SHIFT_2,710,42600.0
UNIT-000711,SUV,SHIFT_2,711,42660.0
UNIT-000712,SEDAN,SHIFT_2,712,42720.0
UNIT-000713,SUV,SHIFT_2,713,42780.0
UNIT-000714,SEDAN,SHIFT_2,714,42840.0
UNIT-000715,SEDAN,SHIFT_2,715,42900.0
UNIT-000716,SUV,SHIFT_2,716,42960.0
UNIT-000717,SUV,SHIFT_2,717,43020.0
UNIT-000718,SEDAN,SHIFT_2,718,43080.0
UNIT-000719,SEDAN,SHIFT_2,719,43140.0
UNIT-000720,SEDAN,SHIFT_2,720,43200.0
UNIT-000721,SEDAN,SHIFT_2,721,43260.0
UNIT-000722,SUV,SHIFT_2,722,43320.0
UNIT-000723,SEDAN,SHIFT_2,723,43380.0
UNIT-000724,SEDAN,SHIFT_2,724,43440.0
UNIT-000725,SUV,SHIFT_2,725,43500.0
UNIT-000726,SEDAN,SHIFT_2,726,43560.0
UNIT-000727,SEDAN,SHIFT_2,727,43620.0
UNIT-000728,SUV,SHIFT_2,728,43680.0
UNIT-000729,SEDAN,SHIFT_2,729,43740.0
UNIT-000730,SUV,SHIFT_2,730,43800.0
UNIT-000731,SEDAN,SHIFT_2,731,43860.0
UNIT-000732,SEDAN,SHIFT_2,732,43920.0
UNIT-000733,SUV,SHIFT_2,733,43980.0
UNIT-000734,SEDAN,SHIFT_2,734,44040.0
UNIT-000735,SUV,SHIFT_2,735,44100.0
UNIT-000736,SEDAN,SHIFT_2,736,44160.0
UNIT-000737,SEDAN,SHIFT_2,737,44220.0
UNIT-000738,SUV,SHIFT_2,738,44280.0
UNIT-000739,SEDAN,SHIFT_2,739,44340.0
UNIT-000740,SUV,SHIFT_2,740,44400.0
UNIT-000741,SEDAN,SHIFT_2,741,44460.0
UNIT-000742,SUV,SHIFT_2,742,44520.0
UNIT-000743,SUV,SHIFT_2,743,44580.0
UNIT-000744,SUV,SHIFT_2,744,44640.0
UNIT-000745,SEDAN,SHIFT_2,745,44700.0
UNIT-000746,SEDAN,SHIFT_2,746,44760.0
UNIT-000747,SEDAN,SHIFT_2,747,44820.0
UNIT-000748,SEDAN,SHIFT_2,748,44880.0
UNIT-000749,SEDAN,SHIFT_2,749,44940.0
UNIT-000750,SEDAN,SHIFT_2,750,45000.0
UNIT-000751,SEDAN,SHIFT_2,751,45060.0
UNIT-000752,SUV,SHIFT_2,752,45120.0
UNIT-000753,SEDAN,SHIFT_2,753,45180.0
UNIT-000754,SEDAN,SHIFT_2,754,45240.0
UNIT-000755,SUV,SHIFT_2,755,45300.0
UNIT-000756,SEDAN,SHIFT_2,756,45360.0
UNIT-000757,SEDAN,SHIFT_2,757,45420.0
UNIT-000758,SEDAN,SHIFT_2,758,45480.0
UNIT-000759,SUV,SHIFT_2,759,45540.0
UNIT-000760,SEDAN,SHIFT_2,760,45600.0
UNIT-000761,SEDAN,SHIFT_2,761,45660.0
UNIT-000762,SEDAN,SHIFT_2,762,45720.0
UNIT-000763,SUV,SHIFT_2,763,45780.0
UNIT-000764,SUV,SHIFT_2,764,45840.0
UNIT-000765,SUV,SHIFT_2,765,45900.0
UNIT-000766,SEDAN,SHIFT_2,766,45960.0
UNIT-000767,SEDAN,SHIFT_2,767,46020.0
UNIT-000768,SEDAN,SHIFT_2,768,46080.0
UNIT-000769,SUV,SHIFT_2,769,46140.0
UNIT-000770,SEDAN,SHIFT_2,770,46200.0
UNIT-000771,SEDAN,SHIFT_2,771,46260.0
UNIT-000772,SEDAN,SHIFT_2,772,46320.0
UNIT-000773,SEDAN,SHIFT_2,773,46380.0
UNIT-000774,SEDAN,SHIFT_2,774,46440.0
UNIT-000775,SEDAN,SHIFT_2,775,46500.0
UNIT-000776,SEDAN,SHIFT_2,776,46560.0
UNIT-000777,SUV,SHIFT_2,777,46620.0
UNIT-000778,SUV,SHIFT_2,778,46680.0
UNIT-000779,SEDAN,SHIFT_2,779,46740.0
UNIT-000780,SEDAN,SHIFT_2,780,46800.0
UNIT-000781,SUV,SHIFT_2,781,46860.0
UNIT-000782,SUV,SHIFT_2,782,46920.0
UNIT-000783,SEDAN,SHIFT_2,783,46980.0
UNIT-000784,SEDAN,SHIFT_2,784,47040.0
UNIT-000785,SEDAN,SHIFT_2,785,47100.0
UNIT-000786,SEDAN,SHIFT_2,786,47160.0
UNIT-000787,SUV,SHIFT_2,787,47220.0
UNIT-000788,SUV,SHIFT_2,788,47280.0
UNIT-000789,SUV,SHIFT_2,789,47340.0
UNIT-000790,SEDAN,SHIFT_2,790,47400.0
UNIT-000791,SUV,SHIFT_2,791,47460.0
UNIT-000792,SEDAN,SHIFT_2,792,47520.0
UNIT-000793,SEDAN,SHIFT_2,793,47580.0
UNIT-000794,SEDAN,SHIFT_2,794,47640.0
UNIT-000795,SEDAN,SHIFT_2,795,47700.0
UNIT-000796,SUV,SHIFT_2,796,47760.0
UNIT-000797,SEDAN,SHIFT_2,797,47820.0
UNIT-000798,SEDAN,SHIFT_2,798,47880.0
UNIT-000799,SUV,SHIFT_2,799,47940.0
UNIT-000800,SUV,SHIFT_2,800,48000.0
UNIT-000801,SEDAN,SHIFT_2,801,48060.0
UNIT-000802,SUV,SHIFT_2,802,48120.0
UNIT-000803,SUV,SHIFT_2,803,48180.0
UNIT-000804,SUV,SHIFT_2,804,48240.0
UNIT-000805,SUV,SHIFT_2,805,48300.0
UNIT-000806,SEDAN,SHIFT_2,806,48360.0
UNIT-000807,SEDAN,SHIFT_2,807,48420.0
UNIT-000808,SEDAN,SHIFT_2,808,48480.0
UNIT-000809,SUV,SHIFT_2,809,48540.0
UNIT-000810,SEDAN,SHIFT_2,810,48600.0
UNIT-000811,SUV,SHIFT_2,811,48660.0
UNIT-000812,SEDAN,SHIFT_2,812,48720.0
UNIT-000813,SUV,SHIFT_2,813,48780.0
UNIT-000814,SUV,SHIFT_2,814,48840.0
UNIT-000815,SUV,SHIFT_2,815,48900.0
UNIT-000816,SEDAN,SHIFT_2,816,48960.0
UNIT-000817,SEDAN,SHIFT_2,817,49020.0
UNIT-000818,SEDAN,SHIFT_2,818,49080.0
UNIT-000819,SEDAN,SHIFT_2,819,49140.0
UNIT-000820,SEDAN,SHIFT_2,820,49200.0
UNIT-000821,SUV,SHIFT_2,821,49260.0
UNIT-000822,SEDAN,SHIFT_2,822,49320.0
UNIT-000823,SEDAN,SHIFT_2,823,49380.0
UNIT-000824,SEDAN,SHIFT_2,824,49440.0
UNIT-000825,SUV,SHIFT_2,825,49500.0
UNIT-000826,SUV,SHIFT_2,826,49560.0
UNIT-000827,SUV,SHIFT_2,827,49620.0
UNIT-000828,SEDAN,SHIFT_2,828,49680.0
UNIT-000829,SEDAN,SHIFT_2,829,49740.0
UNIT-000830,SEDAN,SHIFT_2,830,49800.0
UNIT-000831,SUV,SHIFT_2,831,49860.0
UNIT-000832,SEDAN,SHIFT_2,832,49920.0
UNIT-000833,SEDAN,SHIFT_2,833,49980.0
UNIT-000834,SUV,SHIFT_2,834,50040.0
UNIT-000835,SUV,SHIFT_2,835,50100.0
UNIT-000836,SEDAN,SHIFT_2,836,50160.0
UNIT-000837,SUV,SHIFT_2,837,50220.0
UNIT-000838,SEDAN,SHIFT_2,838,50280.0
UNIT-000839,SEDAN,SHIFT_2,839,50340.0
UNIT-000840,SEDAN,SHIFT_2,840,50400.0
UNIT-000841,SEDAN,SHIFT_2,841,50460.0
UNIT-000842,SEDAN,SHIFT_2,842,50520.0
UNIT-000843,SEDAN,SHIFT_2,843,50580.0
UNIT-000844,SEDAN,SHIFT_2,844,50640.0
UNIT-000845,SUV,SHIFT_2,845,50700.0
UNIT-000846,SEDAN,SHIFT_2,846,50760.0
UNIT-000847,SEDAN,SHIFT_2,847,50820.0
UNIT-000848,SEDAN,SHIFT_2,848,50880.0
UNIT-000849,SEDAN,SHIFT_2,849,50940.0
UNIT-000850,SEDAN,SHIFT_2,850,51000.0
UNIT-000851,SEDAN,SHIFT_2,851,51060.0
UNIT-000852,SUV,SHIFT_2,852,51120.0
UNIT-000853,SUV,SHIFT_2,853,51180.0
UNIT-000854,SEDAN,SHIFT_2,854,51240.0
UNIT-000855,SUV,SHIFT_2,855,51300.0
UNIT-000856,SEDAN,SHIFT_2,856,51360.0
UNIT-000857,SEDAN,SHIFT_2,857,51420.0
UNIT-000858,SEDAN,SHIFT_2,858,51480.0
UNIT-000859,SUV,SHIFT_2,859,51540.0
UNIT-000860,SEDAN,SHIFT_2,860,51600.0
UNIT-000861,SUV,SHIFT_2,861,51660.0
UNIT-000862,SEDAN,SHIFT_2,862,51720.0
UNIT-000863,SUV,SHIFT_2,863,51780.0
UNIT-000864,SEDAN,SHIFT_2,864,51840.0
UNIT-000865,SUV,SHIFT_2,865,51900.0
UNIT-000866,SEDAN,SHIFT_2,866,51960.0
UNIT-000867,SEDAN,SHIFT_2,867,52020.0
UNIT-000868,SEDAN,SHIFT_2,868,52080.0
UNIT-000869,SUV,SHIFT_2,869,52140.0
UNIT-000870,SEDAN,SHIFT_2,870,52200.0
UNIT-000871,SEDAN,SHIFT_2,871,52260.0
UNIT-000872,SEDAN,SHIFT_2,872,52320.0
UNIT-000873,SEDAN,SHIFT_2,873,52380.0
UNIT-000874,SEDAN,SHIFT_2,874,52440.0
UNIT-000875,SUV,SHIFT_2,875,52500.0
UNIT-000876,SEDAN,SHIFT_2,876,52560.0
UNIT-000877,SEDAN,SHIFT_2,877,52620.0
UNIT-000878,SUV,SHIFT_2,878,52680.0
UNIT-000879,SUV,SHIFT_2,879,52740.0
UNIT-000880,SEDAN,SHIFT_2,880,52800.0
UNIT-000881,SEDAN,SHIFT_2,881,52860.0
UNIT-000882,SUV,SHIFT_2,882,52920.0
UNIT-000883,SUV,SHIFT_2,883,52980.0
UNIT-000884,SUV,SHIFT_2,884,53040.0
UNIT-000885,SEDAN,SHIFT_2,885,53100.0
UNIT-000886,SEDAN,SHIFT_2,886,53160.0
UNIT-000887,SUV,SHIFT_2,887,53220.0
UNIT-000888,SUV,SHIFT_2,888,53280.0
UNIT-000889,SEDAN,SHIFT_2,889,53340.0
UNIT-000890,SUV,SHIFT_2,890,53400.0
UNIT-000891,SUV,SHIFT_2,891,53460.0
UNIT-000892,SUV,SHIFT_2,892,53520.0
UNIT-000893,SEDAN,SHIFT_2,893,53580.0
UNIT-000894,SEDAN,SHIFT_2,894,53640.0
UNIT-000895,SEDAN,SHIFT_2,895,53700.0
UNIT-000896,SUV,SHIFT_2,896,53760.0
UNIT-000897,SEDAN,SHIFT_2,897,53820.0
UNIT-000898,SEDAN,SHIFT_2,898,53880.0
UNIT-000899,SUV,SHIFT_2,899,53940.0
UNIT-000900,SUV,SHIFT_2,900,54000.0
UNIT-000901,SEDAN,SHIFT_2,901,54060.0
UNIT-000902,SEDAN,SHIFT_2,902,54120.0
UNIT-000903,SEDAN,SHIFT_2,903,54180.0
UNIT-000904,SEDAN,SHIFT_2,904,54240.0
UNIT-000905,SUV,SHIFT_2,905,54300.0
UNIT-000906,SEDAN,SHIFT_2,906,54360.0
UNIT-000907,SEDAN,SHIFT_2,907,54420.0
UNIT-000908,SUV,SHIFT_2,908,54480.0
UNIT-000909,SEDAN,SHIFT_2,909,54540.0
UNIT-000910,SEDAN,SHIFT_2,910,54600.0
UNIT-000911,SUV,SHIFT_2,911,54660.0
UNIT-000912,SEDAN,SHIFT_2,912,54720.0
UNIT-000913,SEDAN,SHIFT_2,913,54780.0
UNIT-000914,SEDAN,SHIFT_2,914,54840.0
UNIT-000915,SEDAN,SHIFT_2,915,54900.0
UNIT-000916,SEDAN,SHIFT_2,916,54960.0
UNIT-000917,SUV,SHIFT_2,917,55020.0
UNIT-000918,SUV,SHIFT_2,918,55080.0
UNIT-000919,SEDAN,SHIFT_2,919,55140.0
UNIT-000920,SEDAN,SHIFT_2,920,55200.0
UNIT-000921,SEDAN,SHIFT_2,921,55260.0
UNIT-000922,SUV,SHIFT_2,922,55320.0
UNIT-000923,SEDAN,SHIFT_2,923,55380.0
UNIT-000924,SUV,SHIFT_2,924,55440.0
UNIT-000925,SEDAN,SHIFT_2,925,55500.0
UNIT-000926,SEDAN,SHIFT_2,926,55560.0
UNIT-000927,SUV,SHIFT_2,927,55620.0
UNIT-000928,SUV,SHIFT_2,928,55680.0
UNIT-000929,SEDAN,SHIFT_2,929,55740.0
UNIT-000930,SEDAN,SHIFT_2,930,55800.0
UNIT-000931,SEDAN,SHIFT_2,931,55860.0
UNIT-000932,SUV,SHIFT_2,932,55920.0
UNIT-000933,SEDAN,SHIFT_2,933,55980.0
UNIT-000934,SUV,SHIFT_2,934,56040.0
UNIT-000935,SUV,SHIFT_2,935,56100.0
UNIT-000936,SEDAN,SHIFT_2,936,56160.0
UNIT-000937,SUV,SHIFT_2,937,56220.0
UNIT-000938,SEDAN,SHIFT_2,938,56280.0
UNIT-000939,SEDAN,SHIFT_2,939,56340.0
UNIT-000940,SEDAN,SHIFT_2,940,56400.0
UNIT-000941,SUV,SHIFT_2,941,56460.0
UNIT-000942,SUV,SHIFT_2,942,56520.0
UNIT-000943,SEDAN,SHIFT_2,943,56580.0
UNIT-000944,SEDAN,SHIFT_2,944,56640.0
UNIT-000945,SEDAN,SHIFT_2,945,56700.0
UNIT-000946,SEDAN,SHIFT_2,946,56760.0
UNIT-000947,SEDAN,SHIFT_2,947,56820.0
UNIT-000948,SEDAN,SHIFT_2,948,56880.0
UNIT-000949,SEDAN,SHIFT_2,949,56940.0
UNIT-000950,SUV,SHIFT_2,950,57000.0
UNIT-000951,SUV,SHIFT_2,951,57060.0
UNIT-000952,SEDAN,SHIFT_2,952,57120.0
UNIT-000953,SEDAN,SHIFT_2,953,57180.0
UNIT-000954,SUV,SHIFT_2,954,57240.0
UNIT-000955,SUV,SHIFT_2,955,57300.0
UNIT-000956,SUV,SHIFT_2,956,57360.0
UNIT-000957,SEDAN,SHIFT_2,957,57420.0
UNIT-000958,SEDAN,SHIFT_2,958,57480.0
UNIT-000959,SUV,SHIFT_2,959,57540.0
UNIT-000960,SUV,SHIFT_1,960,57600.0
UNIT-000961,SEDAN,SHIFT_1,961,57660.0
UNIT-000962,SUV,SHIFT_1,962,57720.0
UNIT-000963,SEDAN,SHIFT_1,963,57780.0
UNIT-000964,SEDAN,SHIFT_1,964,57840.0
UNIT-000965,SEDAN,SHIFT_1,965,57900.0
UNIT-000966,SUV,SHIFT_1,966,57960.0
UNIT-000967,SEDAN,SHIFT_1,967,58020.0
UNIT-000968,SUV,SHIFT_1,968,58080.0
UNIT-000969,SEDAN,SHIFT_1,969,58140.0
UNIT-000970,SEDAN,SHIFT_1,970,58200.0
UNIT-000971,SUV,SHIFT_1,971,58260.0
UNIT-000972,SUV,SHIFT_1,972,58320.0
UNIT-000973,SEDAN,SHIFT_1,973,58380.0
UNIT-000974,SUV,SHIFT_1,974,58440.0
UNIT-000975,SEDAN,SHIFT_1,975,58500.0
UNIT-000976,SEDAN,SHIFT_1,976,58560.0
UNIT-000977,SEDAN,SHIFT_1,977,58620.0
UNIT-000978,SEDAN,SHIFT_1,978,58680.0
UNIT-000979,SEDAN,SHIFT_1,979,58740.0
UNIT-000980,SUV,SHIFT_1,980,58800.0
UNIT-000981,SUV,SHIFT_1,981,58860.0
UNIT-000982,SEDAN,SHIFT_1,982,58920.0
UNIT-000983,SEDAN,SHIFT_1,983,58980.0
UNIT-000984,SEDAN,SHIFT_1,984,59040.0
UNIT-000985,SEDAN,SHIFT_1,985,59100.0
UNIT-000986,SUV,SHIFT_1,986,59160.0
UNIT-000987,SUV,SHIFT_1,987,59220.0
UNIT-000988,SEDAN,SHIFT_1,988,59280.0
UNIT-000989,SUV,SHIFT_1,989,59340.0
UNIT-000990,SUV,SHIFT_1,990,59400.0
UNIT-000991,SEDAN,SHIFT_1,991,59460.0
UNIT-000992,SEDAN,SHIFT_1,992,59520.0
UNIT-000993,SUV,SHIFT_1,993,59580.0
UNIT-000994,SUV,SHIFT_1,994,59640.0
UNIT-000995,SEDAN,SHIFT_1,995,59700.0
UNIT-000996,SUV,SHIFT_1,996,59760.0
UNIT-000997,SEDAN,SHIFT_1,997,59820.0
UNIT-000998,SEDAN,SHIFT_1,998,59880.0
UNIT-000999,SEDAN,SHIFT_1,999,59940.0
UNIT-001000,SUV,SHIFT_1,1000,60000.0
UNIT-001001,SUV,SHIFT_1,1001,60060.0
UNIT-001002,SEDAN,SHIFT_1,1002,60120.0
UNIT-001003,SEDAN,SHIFT_1,1003,60180.0
UNIT-001004,SEDAN,SHIFT_1,1004,60240.0
UNIT-001005,SEDAN,SHIFT_1,1005,60300.0
UNIT-001006,SUV,SHIFT_1,1006,60360.0
UNIT-001007,SUV,SHIFT_1,1007,60420.0
UNIT-001008,SUV,SHIFT_1,1008,60480.0
UNIT-001009,SEDAN,SHIFT_1,1009,60540.0
UNIT-001010,SEDAN,SHIFT_1,1010,60600.0
UNIT-001011,SUV,SHIFT_1,1011,60660.0
UNIT-001012,SEDAN,SHIFT_1,1012,60720.0
UNIT-001013,SUV,SHIFT_1,1013,60780.0
UNIT-001014,SUV,SHIFT_1,1014,60840.0
UNIT-001015,SUV,SHIFT_1,1015,60900.0
UNIT-001016,SEDAN,SHIFT_1,1016,60960.0
UNIT-001017,SEDAN,SHIFT_1,1017,61020.0
UNIT-001018,SUV,SHIFT_1,1018,61080.0
UNIT-001019,SUV,SHIFT_1,1019,61140.0
UNIT-001020,SEDAN,SHIFT_1,1020,61200.0
UNIT-001021,SUV,SHIFT_1,1021,61260.0
UNIT-001022,SUV,SHIFT_1,1022,61320.0
UNIT-001023,SEDAN,SHIFT_1,1023,61380.0
UNIT-001024,SUV,SHIFT_1,1024,61440.0
UNIT-001025,SEDAN,SHIFT_1,1025,61500.0
UNIT-001026,SEDAN,SHIFT_1,1026,61560.0
UNIT-001027,SUV,SHIFT_1,1027,61620.0
UNIT-001028,SUV,SHIFT_1,1028,61680.0
UNIT-001029,SUV,SHIFT_1,1029,61740.0
UNIT-001030,SEDAN,SHIFT_1,1030,61800.0
UNIT-001031,SEDAN,SHIFT_1,1031,61860.0
UNIT-001032,SUV,SHIFT_1,1032,61920.0
UNIT-001033,SUV,SHIFT_1,1033,61980.0
UNIT-001034,SEDAN,SHIFT_1,1034,62040.0
UNIT-001035,SEDAN,SHIFT_1,1035,62100.0
UNIT-001036,SEDAN,SHIFT_1,1036,62160.0
UNIT-001037,SEDAN,SHIFT_1,1037,62220.0
UNIT-001038,SEDAN,SHIFT_1,1038,62280.0
UNIT-001039,SEDAN,SHIFT_1,1039,62340.0
UNIT-001040,SUV,SHIFT_1,1040,62400.0
UNIT-001041,SUV,SHIFT_1,1041,62460.0
UNIT-001042,SEDAN,SHIFT_1,1042,62520.0
UNIT-001043,SEDAN,SHIFT_1,1043,62580.0
UNIT-001044,SEDAN,SHIFT_1,1044,62640.0
UNIT-001045,SEDAN,SHIFT_1,1045,62700.0
UNIT-001046,SUV,SHIFT_1,1046,62760.0
UNIT-001047,SEDAN,SHIFT_1,1047,62820.0
UNIT-001048,SEDAN,SHIFT_1,1048,62880.0
UNIT-001049,SUV,SHIFT_1,1049,62940.0
UNIT-001050,SEDAN,SHIFT_1,1050,63000.0
UNIT-001051,SEDAN,SHIFT_1,1051,63060.0
UNIT-001052,SUV,SHIFT_1,1052,63120.0
UNIT-001053,SUV,SHIFT_1,1053,63180.0
UNIT-001054,SUV,SHIFT_1,1054,63240.0
UNIT-001055,SUV,SHIFT_1,1055,63300.0
UNIT-001056,SUV,SHIFT_1,1056,63360.0
UNIT-001057,SUV,SHIFT_1,1057,63420.0
UNIT-001058,SEDAN,SHIFT_1,1058,63480.0
UNIT-001059,SEDAN,SHIFT_1,1059,63540.0
UNIT-001060,SUV,SHIFT_1,1060,63600.0
UNIT-001061,SEDAN,SHIFT_1,1061,63660.0
UNIT-001062,SEDAN,SHIFT_1,1062,63720.0
UNIT-001063,SEDAN,SHIFT_1,1063,63780.0
UNIT-001064,SEDAN,SHIFT_1,1064,63840.0
UNIT-001065,SEDAN,SHIFT_1,1065,63900.0
UNIT-001066,SEDAN,SHIFT_1,1066,63960.0
UNIT-001067,SUV,SHIFT_1,1067,64020.0
UNIT-001068,SUV,SHIFT_1,1068,64080.0
UNIT-001069,SUV,SHIFT_1,1069,64140.0
UNIT-001070,SEDAN,SHIFT_1,1070,64200.0
UNIT-001071,SEDAN,SHIFT_1,1071,64260.0
UNIT-001072,SUV,SHIFT_1,1072,64320.0
UNIT-001073,SEDAN,SHIFT_1,1073,64380.0
UNIT-001074,SEDAN,SHIFT_1,1074,64440.0
UNIT-001075,SEDAN,SHIFT_1,1075,64500.0
UNIT-001076,SEDAN,SHIFT_1,1076,64560.0
UNIT-001077,SUV,SHIFT_1,1077,64620.0
UNIT-001078,SUV,SHIFT_1,1078,64680.0
UNIT-001079,SEDAN,SHIFT_1,1079,64740.0
UNIT-001080,SUV,SHIFT_1,1080,64800.0
UNIT-001081,SUV,SHIFT_1,1081,64860.0
UNIT-001082,SEDAN,SHIFT_1,1082,64920.0
UNIT-001083,SUV,SHIFT_1,1083,64980.0
UNIT-001084,SUV,SHIFT_1,1084,65040.0
UNIT-001085,SUV,SHIFT_1,1085,65100.0
UNIT-001086,SUV,SHIFT_1,1086,65160.0
UNIT-001087,SEDAN,SHIFT_1,1087,65220.0
UNIT-001088,SUV,SHIFT_1,1088,65280.0
UNIT-001089,SEDAN,SHIFT_1,1089,65340.0
UNIT-001090,SEDAN,SHIFT_1,1090,65400.0
UNIT-001091,SEDAN,SHIFT_1,1091,65460.0
UNIT-001092,SEDAN,SHIFT_1,1092,65520.0
UNIT-001093,SEDAN,SHIFT_1,1093,65580.0
UNIT-001094,SEDAN,SHIFT_1,1094,65640.0
UNIT-001095,SEDAN,SHIFT_1,1095,65700.0
UNIT-001096,SEDAN,SHIFT_1,1096,65760.0
UNIT-001097,SEDAN,SHIFT_1,1097,65820.0
UNIT-001098,SEDAN,SHIFT_1,1098,65880.0
UNIT-001099,SEDAN,SHIFT_1,1099,65940.0
UNIT-001100,SEDAN,SHIFT_1,1100,66000.0
UNIT-001101,SUV,SHIFT_1,1101,66060.0
UNIT-001102,SEDAN,SHIFT_1,1102,66120.0
UNIT-001103,SUV,SHIFT_1,1103,66180.0
UNIT-001104,SUV,SHIFT_1,1104,66240.0
UNIT-001105,SEDAN,SHIFT_1,1105,66300.0
UNIT-001106,SEDAN,SHIFT_1,1106,66360.0
UNIT-001107,SUV,SHIFT_1,1107,66420.0
UNIT-001108,SEDAN,SHIFT_1,1108,66480.0
UNIT-001109,SEDAN,SHIFT_1,1109,66540.0
UNIT-001110,SUV,SHIFT_1,1110,66600.0
UNIT-001111,SEDAN,SHIFT_1,1111,66660.0
UNIT-001112,SUV,SHIFT_1,1112,66720.0
UNIT-001113,SUV,SHIFT_1,1113,66780.0
UNIT-001114,SEDAN,SHIFT_1,1114,66840.0
UNIT-001115,SEDAN,SHIFT_1,1115,66900.0
UNIT-001116,SUV,SHIFT_1,1116,66960.0
UNIT-001117,SUV,SHIFT_1,1117,67020.0
UNIT-001118,SUV,SHIFT_1,1118,67080.0
UNIT-001119,SEDAN,SHIFT_1,1119,67140.0
UNIT-001120,SEDAN,SHIFT_1,1120,67200.0
UNIT-001121,SUV,SHIFT_1,1121,67260.0
UNIT-001122,SEDAN,SHIFT_1,1122,67320.0
UNIT-001123,SEDAN,SHIFT_1,1123,67380.0
UNIT-001124,SUV,SHIFT_1,1124,67440.0
UNIT-001125,SUV,SHIFT_1,1125,67500.0
UNIT-001126,SEDAN,SHIFT_1,1126,67560.0
UNIT-001127,SEDAN,SHIFT_1,1127,67620.0
UNIT-001128,SUV,SHIFT_1,1128,67680.0
UNIT-001129,SEDAN,SHIFT_1,1129,67740.0
UNIT-001130,SUV,SHIFT_1,1130,67800.0
UNIT-001131,SEDAN,SHIFT_1,1131,67860.0
UNIT-001132,SEDAN,SHIFT_1,1132,67920.0
UNIT-001133,SEDAN,SHIFT_1,1133,67980.0
UNIT-001134,SUV,SHIFT_1,1134,68040.0
UNIT-001135,SUV,SHIFT_1,1135,68100.0
UNIT-001136,SEDAN,SHIFT_1,1136,68160.0
UNIT-001137,SEDAN,SHIFT_1,1137,68220.0
UNIT-001138,SUV,SHIFT_1,1138,68280.0
UNIT-001139,SUV,SHIFT_1,1139,68340.0
UNIT-001140,SEDAN,SHIFT_1,1140,68400.0
UNIT-001141,SUV,SHIFT_1,1141,68460.0
UNIT-001142,SEDAN,SHIFT_1,1142,68520.0
UNIT-001143,SEDAN,SHIFT_1,1143,68580.0
UNIT-001144,SEDAN,SHIFT_1,1144,68640.0
UNIT-001145,SUV,SHIFT_1,1145,68700.0
UNIT-001146,SUV,SHIFT_1,1146,68760.0
UNIT-001147,SEDAN,SHIFT_1,1147,68820.0
UNIT-001148,SUV,SHIFT_1,1148,68880.0
UNIT-001149,SEDAN,SHIFT_1,1149,68940.0
UNIT-001150,SUV,SHIFT_1,1150,69000.0
UNIT-001151,SEDAN,SHIFT_1,1151,69060.0
UNIT-001152,SEDAN,SHIFT_1,1152,69120.0
UNIT-001153,SUV,SHIFT_1,1153,69180.0
UNIT-001154,SEDAN,SHIFT_1,1154,69240.0
UNIT-001155,SUV,SHIFT_1,1155,69300.0
UNIT-001156,SEDAN,SHIFT_1,1156,69360.0
UNIT-001157,SEDAN,SHIFT_1,1157,69420.0
UNIT-001158,SUV,SHIFT_1,1158,69480.0
UNIT-001159,SEDAN,SHIFT_1,1159,69540.0
UNIT-001160,SEDAN,SHIFT_1,1160,69600.0
UNIT-001161,SUV,SHIFT_1,1161,69660.0
UNIT-001162,SEDAN,SHIFT_1,1162,69720.0
UNIT-001163,SUV,SHIFT_1,1163,69780.0
UNIT-001164,SUV,SHIFT_1,1164,69840.0
UNIT-001165,SEDAN,SHIFT_1,1165,69900.0
UNIT-001166,SEDAN,SHIFT_1,1166,69960.0
UNIT-001167,SEDAN,SHIFT_1,1167,70020.0
UNIT-001168,SEDAN,SHIFT_1,1168,70080.0
UNIT-001169,SUV,SHIFT_1,1169,70140.0
UNIT-001170,SEDAN,SHIFT_1,1170,70200.0
UNIT-001171,SEDAN,SHIFT_1,1171,70260.0
UNIT-001172,SEDAN,SHIFT_1,1172,70320.0
UNIT-001173,SUV,SHIFT_1,1173,70380.0
UNIT-001174,SEDAN,SHIFT_1,1174,70440.0
UNIT-001175,SEDAN,SHIFT_1,1175,70500.0
UNIT-001176,SEDAN,SHIFT_1,1176,70560.0
UNIT-001177,SEDAN,SHIFT_1,1177,70620.0
UNIT-001178,SEDAN,SHIFT_1,1178,70680.0
UNIT-001179,SEDAN,SHIFT_1,1179,70740.0
UNIT-001180,SUV,SHIFT_1,1180,70800.0
UNIT-001181,SEDAN,SHIFT_1,1181,70860.0
UNIT-001182,SUV,SHIFT_1,1182,70920.0
UNIT-001183,SUV,SHIFT_1,1183,70980.0
UNIT-001184,SUV,SHIFT_1,1184,71040.0
UNIT-001185,SUV,SHIFT_1,1185,71100.0
UNIT-001186,SEDAN,SHIFT_1,1186,71160.0
UNIT-001187,SUV,SHIFT_1,1187,71220.0
UNIT-001188,SUV,SHIFT_1,1188,71280.0
UNIT-001189,SUV,SHIFT_1,1189,71340.0
UNIT-001190,SEDAN,SHIFT_1,1190,71400.0
UNIT-001191,SEDAN,SHIFT_1,1191,71460.0
UNIT-001192,SUV,SHIFT_1,1192,71520.0
UNIT-001193,SEDAN,SHIFT_1,1193,71580.0
UNIT-001194,SEDAN,SHIFT_1,1194,71640.0
UNIT-001195,SUV,SHIFT_1,1195,71700.0
UNIT-001196,SUV,SHIFT_1,1196,71760.0
UNIT-001197,SEDAN,SHIFT_1,1197,71820.0
UNIT-001198,SEDAN,SHIFT_1,1198,71880.0
UNIT-001199,SEDAN,SHIFT_1,1199,71940.0
UNIT-001200,SEDAN,SHIFT_1,1200,72000.0
UNIT-001201,SEDAN,SHIFT_1,1201,72060.0
UNIT-001202,SEDAN,SHIFT_1,1202,72120.0
UNIT-001203,SEDAN,SHIFT_1,1203,72180.0
UNIT-001204,SUV,SHIFT_1,1204,72240.0
UNIT-001205,SEDAN,SHIFT_1,1205,72300.0
UNIT-001206,SEDAN,SHIFT_1,1206,72360.0
UNIT-001207,SUV,SHIFT_1,1207,72420.0
UNIT-001208,SUV,SHIFT_1,1208,72480.0
UNIT-001209,SEDAN,SHIFT_1,1209,72540.0
UNIT-001210,SUV,SHIFT_1,1210,72600.0
UNIT-001211,SUV,SHIFT_1,1211,72660.0
UNIT-001212,SUV,SHIFT_1,1212,72720.0
UNIT-001213,SEDAN,SHIFT_1,1213,72780.0
UNIT-001214,SEDAN,SHIFT_1,1214,72840.0
UNIT-001215,SEDAN,SHIFT_1,1215,72900.0
UNIT-001216,SUV,SHIFT_1,1216,72960.0
UNIT-001217,SUV,SHIFT_1,1217,73020.0
UNIT-001218,SEDAN,SHIFT_1,1218,73080.0
UNIT-001219,SUV,SHIFT_1,1219,73140.0
UNIT-001220,SEDAN,SHIFT_1,1220,73200.0
UNIT-001221,SEDAN,SHIFT_1,1221,73260.0
UNIT-001222,SEDAN,SHIFT_1,1222,73320.0
UNIT-001223,SUV,SHIFT_1,1223,73380.0
UNIT-001224,SUV,SHIFT_1,1224,73440.0
UNIT-001225,SEDAN,SHIFT_1,1225,73500.0
UNIT-001226,SUV,SHIFT_1,1226,73560.0
UNIT-001227,SEDAN,SHIFT_1,1227,73620.0
UNIT-001228,SUV,SHIFT_1,1228,73680.0
UNIT-001229,SEDAN,SHIFT_1,1229,73740.0
UNIT-001230,SEDAN,SHIFT_1,1230,73800.0
UNIT-001231,SEDAN,SHIFT_1,1231,73860.0
UNIT-001232,SUV,SHIFT_1,1232,73920.0
UNIT-001233,SEDAN,SHIFT_1,1233,73980.0
UNIT-001234,SEDAN,SHIFT_1,1234,74040.0
UNIT-001235,SEDAN,SHIFT_1,1235,74100.0
UNIT-001236,SEDAN,SHIFT_1,1236,74160.0
UNIT-001237,SEDAN,SHIFT_1,1237,74220.0
UNIT-001238,SUV,SHIFT_1,1238,74280.0
UNIT-001239,SEDAN,SHIFT_1,1239,74340.0
UNIT-001240,SEDAN,SHIFT_1,1240,74400.0
UNIT-001241,SEDAN,SHIFT_1,1241,74460.0
UNIT-001242,SUV,SHIFT_1,1242,74520.0
UNIT-001243,SEDAN,SHIFT_1,1243,74580.0
UNIT-001244,SUV,SHIFT_1,1244,74640.0
UNIT-001245,SEDAN,SHIFT_1,1245,74700.0
UNIT-001246,SEDAN,SHIFT_1,1246,74760.0
UNIT-001247,SEDAN,SHIFT_1,1247,74820.0
UNIT-001248,SEDAN,SHIFT_1,1248,74880.0
UNIT-001249,SUV,SHIFT_1,1249,74940.0
UNIT-001250,SUV,SHIFT_1,1250,75000.0
UNIT-001251,SUV,SHIFT_1,1251,75060.0
UNIT-001252,SEDAN,SHIFT_1,1252,75120.0
UNIT-001253,SEDAN,SHIFT_1,1253,75180.0
UNIT-001254,SEDAN,SHIFT_1,1254,75240.0
UNIT-001255,SUV,SHIFT_1,1255,75300.0
UNIT-001256,SUV,SHIFT_1,1256,75360.0
UNIT-001257,SEDAN,SHIFT_1,1257,75420.0
UNIT-001258,SEDAN,SHIFT_1,1258,75480.0
UNIT-001259,SUV,SHIFT_1,1259,75540.0
UNIT-001260,SUV,SHIFT_1,1260,75600.0
UNIT-001261,SEDAN,SHIFT_1,1261,75660.0
UNIT-001262,SEDAN,SHIFT_1,1262,75720.0
UNIT-001263,SEDAN,SHIFT_1,1263,75780.0
UNIT-001264,SUV,SHIFT_1,1264,75840.0
UNIT-001265,SEDAN,SHIFT_1,1265,75900.0
UNIT-001266,SEDAN,SHIFT_1,1266,75960.0
UNIT-001267,SEDAN,SHIFT_1,1267,76020.0
UNIT-001268,SUV,SHIFT_1,1268,76080.0
UNIT-001269,SEDAN,SHIFT_1,1269,76140.0
UNIT-001270,SUV,SHIFT_1,1270,76200.0
UNIT-001271,SEDAN,SHIFT_1,1271,76260.0
UNIT-001272,SEDAN,SHIFT_1,1272,76320.0
UNIT-001273,SEDAN,SHIFT_1,1273,76380.0
UNIT-001274,SEDAN,SHIFT_1,1274,76440.0
UNIT-001275,SEDAN,SHIFT_1,1275,76500.0
UNIT-001276,SEDAN,SHIFT_1,1276,76560.0
UNIT-001277,SUV,SHIFT_1,1277,76620.0
UNIT-001278,SEDAN,SHIFT_1,1278,76680.0
UNIT-001279,SEDAN,SHIFT_1,1279,76740.0
UNIT-001280,SEDAN,SHIFT_1,1280,76800.0
UNIT-001281,SUV,SHIFT_1,1281,76860.0
UNIT-001282,SEDAN,SHIFT_1,1282,76920.0
UNIT-001283,SEDAN,SHIFT_1,1283,76980.0
UNIT-001284,SEDAN,SHIFT_1,1284,77040.0
UNIT-001285,SUV,SHIFT_1,1285,77100.0
UNIT-001286,SUV,SHIFT_1,1286,77160.0
UNIT-001287,SEDAN,SHIFT_1,1287,77220.0
UNIT-001288,SEDAN,SHIFT_1,1288,77280.0
UNIT-001289,SUV,SHIFT_1,1289,77340.0
UNIT-001290,SEDAN,SHIFT_1,1290,77400.0
UNIT-001291,SUV,SHIFT_1,1291,77460.0
UNIT-001292,SEDAN,SHIFT_1,1292,77520.0
UNIT-001293,SUV,SHIFT_1,1293,77580.0
UNIT-001294,SUV,SHIFT_1,1294,77640.0
UNIT-001295,SEDAN,SHIFT_1,1295,77700.0
UNIT-001296,SEDAN,SHIFT_1,1296,77760.0
UNIT-001297,SUV,SHIFT_1,1297,77820.0
UNIT-001298,SUV,SHIFT_1,1298,77880.0
UNIT-001299,SEDAN,SHIFT_1,1299,77940.0
UNIT-001300,SEDAN,SHIFT_1,1300,78000.0
UNIT-001301,SUV,SHIFT_1,1301,78060.0
UNIT-001302,SEDAN,SHIFT_1,1302,78120.0
UNIT-001303,SEDAN,SHIFT_1,1303,78180.0
UNIT-001304,SUV,SHIFT_1,1304,78240.0
UNIT-001305,SEDAN,SHIFT_1,1305,78300.0
UNIT-001306,SEDAN,SHIFT_1,1306,78360.0
UNIT-001307,SEDAN,SHIFT_1,1307,78420.0
UNIT-001308,SEDAN,SHIFT_1,1308,78480.0
UNIT-001309,SUV,SHIFT_1,1309,78540.0
UNIT-001310,SUV,SHIFT_1,1310,78600.0
UNIT-001311,SUV,SHIFT_1,1311,78660.0
UNIT-001312,SEDAN,SHIFT_1,1312,78720.0
UNIT-001313,SUV,SHIFT_1,1313,78780.0
UNIT-001314,SUV,SHIFT_1,1314,78840.0
UNIT-001315,SUV,SHIFT_1,1315,78900.0
UNIT-001316,SEDAN,SHIFT_1,1316,78960.0
UNIT-001317,SEDAN,SHIFT_1,1317,79020.0
UNIT-001318,SEDAN,SHIFT_1,1318,79080.0
UNIT-001319,SUV,SHIFT_1,1319,79140.0
UNIT-001320,SEDAN,SHIFT_1,1320,79200.0
UNIT-001321,SEDAN,SHIFT_1,1321,79260.0
UNIT-001322,SEDAN,SHIFT_1,1322,79320.0
UNIT-001323,SEDAN,SHIFT_1,1323,79380.0
UNIT-001324,SEDAN,SHIFT_1,1324,79440.0
UNIT-001325,SUV,SHIFT_1,1325,79500.0
UNIT-001326,SEDAN,SHIFT_1,1326,79560.0
UNIT-001327,SUV,SHIFT_1,1327,79620.0
UNIT-001328,SEDAN,SHIFT_1,1328,79680.0
UNIT-001329,SEDAN,SHIFT_1,1329,79740.0
UNIT-001330,SUV,SHIFT_1,1330,79800.0
UNIT-001331,SEDAN,SHIFT_1,1331,79860.0
UNIT-001332,SUV,SHIFT_1,1332,79920.0
UNIT-001333,SUV,SHIFT_1,1333,79980.0
UNIT-001334,SUV,SHIFT_1,1334,80040.0
UNIT-001335,SEDAN,SHIFT_1,1335,80100.0
UNIT-001336,SEDAN,SHIFT_1,1336,80160.0
UNIT-001337,SEDAN,SHIFT_1,1337,80220.0
UNIT-001338,SEDAN,SHIFT_1,1338,80280.0
UNIT-001339,SUV,SHIFT_1,1339,80340.0
UNIT-001340,SUV,SHIFT_1,1340,80400.0
UNIT-001341,SEDAN,SHIFT_1,1341,80460.0
UNIT-001342,SEDAN,SHIFT_1,1342,80520.0
UNIT-001343,SEDAN,SHIFT_1,1343,80580.0
UNIT-001344,SEDAN,SHIFT_1,1344,80640.0
UNIT-001345,SEDAN,SHIFT_1,1345,80700.0
UNIT-001346,SUV,SHIFT_1,1346,80760.0
UNIT-001347,SUV,SHIFT_1,1347,80820.0
UNIT-001348,SUV,SHIFT_1,1348,80880.0
UNIT-001349,SEDAN,SHIFT_1,1349,80940.0
UNIT-001350,SEDAN,SHIFT_1,1350,81000.0
UNIT-001351,SUV,SHIFT_1,1351,81060.0
UNIT-001352,SEDAN,SHIFT_1,1352,81120.0
UNIT-001353,SEDAN,SHIFT_1,1353,81180.0
UNIT-001354,SUV,SHIFT_1,1354,81240.0
UNIT-001355,SEDAN,SHIFT_1,1355,81300.0
UNIT-001356,SUV,SHIFT_1,1356,81360.0
UNIT-001357,SUV,SHIFT_1,1357,81420.0
UNIT-001358,SEDAN,SHIFT_1,1358,81480.0
UNIT-001359,SUV,SHIFT_1,1359,81540.0
UNIT-001360,SUV,SHIFT_1,1360,81600.0
UNIT-001361,SEDAN,SHIFT_1,1361,81660.0
UNIT-001362,SEDAN,SHIFT_1,1362,81720.0
UNIT-001363,SUV,SHIFT_1,1363,81780.0
UNIT-001364,SUV,SHIFT_1,1364,81840.0
UNIT-001365,SEDAN,SHIFT_1,1365,81900.0
UNIT-001366,SEDAN,SHIFT_1,1366,81960.0
UNIT-001367,SEDAN,SHIFT_1,1367,82020.0
UNIT-001368,SEDAN,SHIFT_1,1368,82080.0
UNIT-001369,SEDAN,SHIFT_1,1369,82140.0
UNIT-001370,SUV,SHIFT_1,1370,82200.0
UNIT-001371,SUV,SHIFT_1,1371,82260.0
UNIT-001372,SEDAN,SHIFT_1,1372,82320.0
UNIT-001373,SEDAN,SHIFT_1,1373,82380.0
UNIT-001374,SUV,SHIFT_1,1374,82440.0
UNIT-001375,SEDAN,SHIFT_1,1375,82500.0
UNIT-001376,SUV,SHIFT_1,1376,82560.0
UNIT-001377,SUV,SHIFT_1,1377,82620.0
UNIT-001378,SUV,SHIFT_1,1378,82680.0
UNIT-001379,SUV,SHIFT_1,1379,82740.0
UNIT-001380,SUV,SHIFT_1,1380,82800.0
UNIT-001381,SUV,SHIFT_1,1381,82860.0
UNIT-001382,SUV,SHIFT_1,1382,82920.0
UNIT-001383,SUV,SHIFT_1,1383,82980.0
UNIT-001384,SEDAN,SHIFT_1,1384,83040.0
UNIT-001385,SEDAN,SHIFT_1,1385,83100.0
UNIT-001386,SUV,SHIFT_1,1386,83160.0
UNIT-001387,SEDAN,SHIFT_1,1387,83220.0
UNIT-001388,SUV,SHIFT_1,1388,83280.0
UNIT-001389,SUV,SHIFT_1,1389,83340.0
UNIT-001390,SUV,SHIFT_1,1390,83400.0
UNIT-001391,SEDAN,SHIFT_1,1391,83460.0
UNIT-001392,SUV,SHIFT_1,1392,83520.0
UNIT-001393,SEDAN,SHIFT_1,1393,83580.0
UNIT-001394,SEDAN,SHIFT_1,1394,83640.0
UNIT-001395,SEDAN,SHIFT_1,1395,83700.0
UNIT-001396,SUV,SHIFT_1,1396,83760.0
UNIT-001397,SUV,SHIFT_1,1397,83820.0
UNIT-001398,SEDAN,SHIFT_1,1398,83880.0
UNIT-001399,SUV,SHIFT_1,1399,83940.0
UNIT-001400,SUV,SHIFT_1,1400,84000.0
UNIT-001401,SEDAN,SHIFT_1,1401,84060.0
UNIT-001402,SUV,SHIFT_1,1402,84120.0
UNIT-001403,SEDAN,SHIFT_1,1403,84180.0
UNIT-001404,SEDAN,SHIFT_1,1404,84240.0
UNIT-001405,SUV,SHIFT_1,1405,84300.0
UNIT-001406,SUV,SHIFT_1,1406,84360.0
UNIT-001407,SEDAN,SHIFT_1,1407,84420.0
UNIT-001408,SEDAN,SHIFT_1,1408,84480.0
UNIT-001409,SEDAN,SHIFT_1,1409,84540.0
UNIT-001410,SEDAN,SHIFT_1,1410,84600.0
UNIT-001411,SEDAN,SHIFT_1,1411,84660.0
UNIT-001412,SUV,SHIFT_1,1412,84720.0
UNIT-001413,SUV,SHIFT_1,1413,84780.0
UNIT-001414,SUV,SHIFT_1,1414,84840.0
UNIT-001415,SEDAN,SHIFT_1,1415,84900.0
UNIT-001416,SUV,SHIFT_1,1416,84960.0
UNIT-001417,SEDAN,SHIFT_1,1417,85020.0
UNIT-001418,SEDAN,SHIFT_1,1418,85080.0
UNIT-001419,SUV,SHIFT_1,1419,85140.0
UNIT-001420,SEDAN,SHIFT_1,1420,85200.0
UNIT-001421,SUV,SHIFT_1,1421,85260.0
UNIT-001422,SEDAN,SHIFT_1,1422,85320.0
UNIT-001423,SEDAN,SHIFT_1,1423,85380.0
UNIT-001424,SEDAN,SHIFT_1,1424,85440.0
UNIT-001425,SEDAN,SHIFT_1,1425,85500.0
UNIT-001426,SEDAN,SHIFT_1,1426,85560.0
UNIT-001427,SEDAN,SHIFT_1,1427,85620.0
UNIT-001428,SEDAN,SHIFT_1,1428,85680.0
UNIT-001429,SEDAN,SHIFT_1,1429,85740.0
UNIT-001430,SEDAN,SHIFT_1,1430,85800.0
UNIT-001431,SEDAN,SHIFT_1,1431,85860.0
UNIT-001432,SUV,SHIFT_1,1432,85920.0
UNIT-001433,SEDAN,SHIFT_1,1433,85980.0
UNIT-001434,SUV,SHIFT_1,1434,86040.0
UNIT-001435,SEDAN,SHIFT_1,1435,86100.0
UNIT-001436,SUV,SHIFT_1,1436,86160.0
UNIT-001437,SUV,SHIFT_1,1437,86220.0
UNIT-001438,SUV,SHIFT_1,1438,86280.0
UNIT-001439,SEDAN,SHIFT_1,1439,86340.0
UNIT-001440,SEDAN,SHIFT_2,1440,86400.0
UNIT-001441,SEDAN,SHIFT_2,1441,86460.0
UNIT-001442,SUV,SHIFT_2,1442,86520.0
UNIT-001443,SEDAN,SHIFT_2,1443,86580.0
UNIT-001444,SEDAN,SHIFT_2,1444,86640.0
UNIT-001445,SEDAN,SHIFT_2,1445,86700.0
UNIT-001446,SEDAN,SHIFT_2,1446,86760.0
UNIT-001447,SUV,SHIFT_2,1447,86820.0
UNIT-001448,SEDAN,SHIFT_2,1448,86880.0
UNIT-001449,SEDAN,SHIFT_2,1449,86940.0
UNIT-001450,SUV,SHIFT_2,1450,87000.0
UNIT-001451,SUV,SHIFT_2,1451,87060.0
UNIT-001452,SUV,SHIFT_2,1452,87120.0
UNIT-001453,SUV,SHIFT_2,1453,87180.0
UNIT-001454,SEDAN,SHIFT_2,1454,87240.0
UNIT-001455,SUV,SHIFT_2,1455,87300.0
UNIT-001456,SUV,SHIFT_2,1456,87360.0
UNIT-001457,SEDAN,SHIFT_2,1457,87420.0
UNIT-001458,SEDAN,SHIFT_2,1458,87480.0
UNIT-001459,SEDAN,SHIFT_2,1459,87540.0
UNIT-001460,SUV,SHIFT_2,1460,87600.0
UNIT-001461,SUV,SHIFT_2,1461,87660.0
UNIT-001462,SUV,SHIFT_2,1462,87720.0
UNIT-001463,SEDAN,SHIFT_2,1463,87780.0
UNIT-001464,SUV,SHIFT_2,1464,87840.0
UNIT-001465,SEDAN,SHIFT_2,1465,87900.0
UNIT-001466,SUV,SHIFT_2,1466,87960.0
UNIT-001467,SEDAN,SHIFT_2,1467,88020.0
UNIT-001468,SEDAN,SHIFT_2,1468,88080.0
UNIT-001469,SEDAN,SHIFT_2,1469,88140.0
UNIT-001470,SEDAN,SHIFT_2,1470,88200.0
UNIT-001471,SEDAN,SHIFT_2,1471,88260.0
UNIT-001472,SEDAN,SHIFT_2,1472,88320.0
UNIT-001473,SEDAN,SHIFT_2,1473,88380.0
UNIT-001474,SUV,SHIFT_2,1474,88440.0
UNIT-001475,SUV,SHIFT_2,1475,88500.0
UNIT-001476,SUV,SHIFT_2,1476,88560.0
UNIT-001477,SEDAN,SHIFT_2,1477,88620.0
UNIT-001478,SEDAN,SHIFT_2,1478,88680.0
UNIT-001479,SEDAN,SHIFT_2,1479,88740.0
UNIT-001480,SEDAN,SHIFT_2,1480,88800.0
UNIT-001481,SUV,SHIFT_2,1481,88860.0
UNIT-001482,SUV,SHIFT_2,1482,88920.0
UNIT-001483,SUV,SHIFT_2,1483,88980.0
UNIT-001484,SEDAN,SHIFT_2,1484,89040.0
UNIT-001485,SUV,SHIFT_2,1485,89100.0
UNIT-001486,SUV,SHIFT_2,1486,89160.0
UNIT-001487,SEDAN,SHIFT_2,1487,89220.0
UNIT-001488,SEDAN,SHIFT_2,1488,89280.0
UNIT-001489,SEDAN,SHIFT_2,1489,89340.0
UNIT-001490,SEDAN,SHIFT_2,1490,89400.0
UNIT-001491,SUV,SHIFT_2,1491,89460.0
UNIT-001492,SUV,SHIFT_2,1492,89520.0
UNIT-001493,SEDAN,SHIFT_2,1493,89580.0
UNIT-001494,SUV,SHIFT_2,1494,89640.0
UNIT-001495,SUV,SHIFT_2,1495,89700.0
UNIT-001496,SEDAN,SHIFT_2,1496,89760.0
UNIT-001497,SEDAN,SHIFT_2,1497,89820.0
UNIT-001498,SEDAN,SHIFT_2,1498,89880.0
UNIT-001499,SEDAN,SHIFT_2,1499,89940.0
UNIT-001500,SUV,SHIFT_2,1500,90000.0
UNIT-001501,SEDAN,SHIFT_2,1501,90060.0
UNIT-001502,SUV,SHIFT_2,1502,90120.0
UNIT-001503,SUV,SHIFT_2,1503,90180.0
UNIT-001504,SEDAN,SHIFT_2,1504,90240.0
UNIT-001505,SUV,SHIFT_2,1505,90300.0
UNIT-001506,SEDAN,SHIFT_2,1506,90360.0
UNIT-001507,SUV,SHIFT_2,1507,90420.0
UNIT-001508,SUV,SHIFT_2,1508,90480.0
UNIT-001509,SUV,SHIFT_2,1509,90540.0
UNIT-001510,SEDAN,SHIFT_2,1510,90600.0
UNIT-001511,SEDAN,SHIFT_2,1511,90660.0
UNIT-001512,SEDAN,SHIFT_2,1512,90720.0
UNIT-001513,SEDAN,SHIFT_2,1513,90780.0
UNIT-001514,SUV,SHIFT_2,1514,90840.0
UNIT-001515,SEDAN,SHIFT_2,1515,90900.0
UNIT-001516,SEDAN,SHIFT_2,1516,90960.0
UNIT-001517,SEDAN,SHIFT_2,1517,91020.0
UNIT-001518,SEDAN,SHIFT_2,1518,91080.0
UNIT-001519,SEDAN,SHIFT_2,1519,91140.0
UNIT-001520,SUV,SHIFT_2,1520,91200.0
UNIT-001521,SEDAN,SHIFT_2,1521,91260.0
UNIT-001522,SEDAN,SHIFT_2,1522,91320.0
UNIT-001523,SEDAN,SHIFT_2,1523,91380.0
UNIT-001524,SEDAN,SHIFT_2,1524,91440.0
UNIT-001525,SEDAN,SHIFT_2,1525,91500.0
UNIT-001526,SEDAN,SHIFT_2,1526,91560.0
UNIT-001527,SEDAN,SHIFT_2,1527,91620.0
UNIT-001528,SUV,SHIFT_2,1528,91680.0
UNIT-001529,SEDAN,SHIFT_2,1529,91740.0
UNIT-001530,SEDAN,SHIFT_2,1530,91800.0
UNIT-001531,SUV,SHIFT_2,1531,91860.0
UNIT-001532,SEDAN,SHIFT_2,1532,91920.0
UNIT-001533,SEDAN,SHIFT_2,1533,91980.0
UNIT-001534,SEDAN,SHIFT_2,1534,92040.0
UNIT-001535,SEDAN,SHIFT_2,1535,92100.0
UNIT-001536,SUV,SHIFT_2,1536,92160.0
UNIT-001537,SUV,SHIFT_2,1537,92220.0
UNIT-001538,SUV,SHIFT_2,1538,92280.0
UNIT-001539,SUV,SHIFT_2,1539,92340.0
UNIT-001540,SEDAN,SHIFT_2,1540,92400.0
UNIT-001541,SEDAN,SHIFT_2,1541,92460.0
UNIT-001542,SUV,SHIFT_2,1542,92520.0
UNIT-001543,SUV,SHIFT_2,1543,92580.0
UNIT-001544,SEDAN,SHIFT_2,1544,92640.0
UNIT-001545,SUV,SHIFT_2,1545,92700.0
UNIT-001546,SEDAN,SHIFT_2,1546,92760.0
UNIT-001547,SUV,SHIFT_2,1547,92820.0
UNIT-001548,SUV,SHIFT_2,1548,92880.0
UNIT-001549,SEDAN,SHIFT_2,1549,92940.0
UNIT-001550,SUV,SHIFT_2,1550,93000.0
UNIT-001551,SUV,SHIFT_2,1551,93060.0
UNIT-001552,SEDAN,SHIFT_2,1552,93120.0
UNIT-001553,SEDAN,SHIFT_2,1553,93180.0
UNIT-001554,SEDAN,SHIFT_2,1554,93240.0
UNIT-001555,SEDAN,SHIFT_2,1555,93300.0
UNIT-001556,SUV,SHIFT_2,1556,93360.0
UNIT-001557,SEDAN,SHIFT_2,1557,93420.0
UNIT-001558,SUV,SHIFT_2,1558,93480.0
UNIT-001559,SEDAN,SHIFT_2,1559,93540.0
UNIT-001560,SUV,SHIFT_2,1560,93600.0
UNIT-001561,SUV,SHIFT_2,1561,93660.0
UNIT-001562,SUV,SHIFT_2,1562,93720.0
UNIT-001563,SEDAN,SHIFT_2,1563,93780.0
UNIT-001564,SEDAN,SHIFT_2,1564,93840.0
UNIT-001565,SUV,SHIFT_2,1565,93900.0
UNIT-001566,SUV,SHIFT_2,1566,93960.0
UNIT-001567,SEDAN,SHIFT_2,1567,94020.0
UNIT-001568,SEDAN,SHIFT_2,1568,94080.0
UNIT-001569,SEDAN,SHIFT_2,1569,94140.0
UNIT-001570,SEDAN,SHIFT_2,1570,94200.0
UNIT-001571,SEDAN,SHIFT_2,1571,94260.0
UNIT-001572,SEDAN,SHIFT_2,1572,94320.0
UNIT-001573,SEDAN,SHIFT_2,1573,94380.0
UNIT-001574,SUV,SHIFT_2,1574,94440.0
UNIT-001575,SEDAN,SHIFT_2,1575,94500.0
UNIT-001576,SUV,SHIFT_2,1576,94560.0
UNIT-001577,SEDAN,SHIFT_2,1577,94620.0
UNIT-001578,SEDAN,SHIFT_2,1578,94680.0
UNIT-001579,SEDAN,SHIFT_2,1579,94740.0
UNIT-001580,SUV,SHIFT_2,1580,94800.0
UNIT-001581,SEDAN,SHIFT_2,1581,94860.0
UNIT-001582,SEDAN,SHIFT_2,1582,94920.0
UNIT-001583,SEDAN,SHIFT_2,1583,94980.0
UNIT-001584,SEDAN,SHIFT_2,1584,95040.0
UNIT-001585,SEDAN,SHIFT_2,1585,95100.0
UNIT-001586,SEDAN,SHIFT_2,1586,95160.0
UNIT-001587,SEDAN,SHIFT_2,1587,95220.0
UNIT-001588,SUV,SHIFT_2,1588,95280.0
UNIT-001589,SUV,SHIFT_2,1589,95340.0
UNIT-001590,SEDAN,SHIFT_2,1590,95400.0
UNIT-001591,SUV,SHIFT_2,1591,95460.0
UNIT-001592,SEDAN,SHIFT_2,1592,95520.0
UNIT-001593,SEDAN,SHIFT_2,1593,95580.0
UNIT-001594,SEDAN,SHIFT_2,1594,95640.0
UNIT-001595,SUV,SHIFT_2,1595,95700.0
UNIT-001596,SEDAN,SHIFT_2,1596,95760.0
UNIT-001597,SEDAN,SHIFT_2,1597,95820.0
UNIT-001598,SEDAN,SHIFT_2,1598,95880.0
UNIT-001599,SUV,SHIFT_2,1599,95940.0
UNIT-001600,SEDAN,SHIFT_2,1600,96000.0
UNIT-001601,SEDAN,SHIFT_2,1601,96060.0
UNIT-001602,SUV,SHIFT_2,1602,96120.0
UNIT-001603,SEDAN,SHIFT_2,1603,96180.0
UNIT-001604,SEDAN,SHIFT_2,1604,96240.0
UNIT-001605,SEDAN,SHIFT_2,1605,96300.0
UNIT-001606,SUV,SHIFT_2,1606,96360.0
UNIT-001607,SEDAN,SHIFT_2,1607,96420.0
UNIT-001608,SUV,SHIFT_2,1608,96480.0
UNIT-001609,SEDAN,SHIFT_2,1609,96540.0
UNIT-001610,SUV,SHIFT_2,1610,96600.0
UNIT-001611,SEDAN,SHIFT_2,1611,96660.0
UNIT-001612,SEDAN,SHIFT_2,1612,96720.0
UNIT-001613,SUV,SHIFT_2,1613,96780.0
UNIT-001614,SEDAN,SHIFT_2,1614,96840.0
UNIT-001615,SEDAN,SHIFT_2,1615,96900.0
UNIT-001616,SEDAN,SHIFT_2,1616,96960.0
UNIT-001617,SEDAN,SHIFT_2,1617,97020.0
UNIT-001618,SUV,SHIFT_2,1618,97080.0
UNIT-001619,SUV,SHIFT_2,1619,97140.0
UNIT-001620,SUV,SHIFT_2,1620,97200.0
UNIT-001621,SUV,SHIFT_2,1621,97260.0
UNIT-001622,SUV,SHIFT_2,1622,97320.0
UNIT-001623,SUV,SHIFT_2,1623,97380.0
UNIT-001624,SUV,SHIFT_2,1624,97440.0
UNIT-001625,SUV,SHIFT_2,1625,97500.0
UNIT-001626,SUV,SHIFT_2,1626,97560.0
UNIT-001627,SUV,SHIFT_2,1627,97620.0
UNIT-001628,SEDAN,SHIFT_2,1628,97680.0
UNIT-001629,SUV,SHIFT_2,1629,97740.0
UNIT-001630,SEDAN,SHIFT_2,1630,97800.0
UNIT-001631,SUV,SHIFT_2,1631,97860.0
UNIT-001632,SEDAN,SHIFT_2,1632,97920.0
UNIT-001633,SEDAN,SHIFT_2,1633,97980.0
UNIT-001634,SEDAN,SHIFT_2,1634,98040.0
UNIT-001635,SUV,SHIFT_2,1635,98100.0
UNIT-001636,SUV,SHIFT_2,1636,98160.0
UNIT-001637,SEDAN,SHIFT_2,1637,98220.0
UNIT-001638,SUV,SHIFT_2,1638,98280.0
UNIT-001639,SEDAN,SHIFT_2,1639,98340.0
UNIT-001640,SEDAN,SHIFT_2,1640,98400.0
UNIT-001641,SUV,SHIFT_2,1641,98460.0
UNIT-001642,SUV,SHIFT_2,1642,98520.0
UNIT-001643,SEDAN,SHIFT_2,1643,98580.0
UNIT-001644,SEDAN,SHIFT_2,1644,98640.0
UNIT-001645,SUV,SHIFT_2,1645,98700.0
UNIT-001646,SEDAN,SHIFT_2,1646,98760.0
UNIT-001647,SUV,SHIFT_2,1647,98820.0
UNIT-001648,SEDAN,SHIFT_2,1648,98880.0
UNIT-001649,SUV,SHIFT_2,1649,98940.0
UNIT-001650,SEDAN,SHIFT_2,1650,99000.0
UNIT-001651,SEDAN,SHIFT_2,1651,99060.0
UNIT-001652,SEDAN,SHIFT_2,1652,99120.0
UNIT-001653,SUV,SHIFT_2,1653,99180.0
UNIT-001654,SUV,SHIFT_2,1654,99240.0
UNIT-001655,SUV,SHIFT_2,1655,99300.0
UNIT-001656,SEDAN,SHIFT_2,1656,99360.0
UNIT-001657,SUV,SHIFT_2,1657,99420.0
UNIT-001658,SUV,SHIFT_2,1658,99480.0
UNIT-001659,SEDAN,SHIFT_2,1659,99540.0
UNIT-001660,SUV,SHIFT_2,1660,99600.0
UNIT-001661,SUV,SHIFT_2,1661,99660.0
UNIT-001662,SEDAN,SHIFT_2,1662,99720.0
UNIT-001663,SEDAN,SHIFT_2,1663,99780.0
UNIT-001664,SUV,SHIFT_2,1664,99840.0
UNIT-001665,SEDAN,SHIFT_2,1665,99900.0
UNIT-001666,SEDAN,SHIFT_2,1666,99960.0
UNIT-001667,SUV,SHIFT_2,1667,100020.0
UNIT-001668,SEDAN,SHIFT_2,1668,100080.0
UNIT-001669,SEDAN,SHIFT_2,1669,100140.0
UNIT-001670,SEDAN,SHIFT_2,1670,100200.0
UNIT-001671,SUV,SHIFT_2,1671,100260.0
UNIT-001672,SEDAN,SHIFT_2,1672,100320.0
UNIT-001673,SEDAN,SHIFT_2,1673,100380.0
UNIT-001674,SUV,SHIFT_2,1674,100440.0
UNIT-001675,SEDAN,SHIFT_2,1675,100500.0
UNIT-001676,SUV,SHIFT_2,1676,100560.0
UNIT-001677,SEDAN,SHIFT_2,1677,100620.0
UNIT-001678,SEDAN,SHIFT_2,1678,100680.0
UNIT-001679,SEDAN,SHIFT_2,1679,100740.0
UNIT-001680,SUV,SHIFT_2,1680,100800.0
UNIT-001681,SEDAN,SHIFT_2,1681,100860.0
UNIT-001682,SUV,SHIFT_2,1682,100920.0
UNIT-001683,SEDAN,SHIFT_2,1683,100980.0
UNIT-001684,SUV,SHIFT_2,1684,101040.0
UNIT-001685,SEDAN,SHIFT_2,1685,101100.0
UNIT-001686,SEDAN,SHIFT_2,1686,101160.0
UNIT-001687,SEDAN,SHIFT_2,1687,101220.0
UNIT-001688,SEDAN,SHIFT_2,1688,101280.0
UNIT-001689,SEDAN,SHIFT_2,1689,101340.0
UNIT-001690,SEDAN,SHIFT_2,1690,101400.0
UNIT-001691,SEDAN,SHIFT_2,1691,101460.0
UNIT-001692,SEDAN,SHIFT_2,1692,101520.0
UNIT-001693,SEDAN,SHIFT_2,1693,101580.0
UNIT-001694,SUV,SHIFT_2,1694,101640.0
UNIT-001695,SEDAN,SHIFT_2,1695,101700.0
UNIT-001696,SUV,SHIFT_2,1696,101760.0
UNIT-001697,SEDAN,SHIFT_2,1697,101820.0
UNIT-001698,SEDAN,SHIFT_2,1698,101880.0
UNIT-001699,SUV,SHIFT_2,1699,101940.0
UNIT-001700,SUV,SHIFT_2,1700,102000.0
UNIT-001701,SEDAN,SHIFT_2,1701,102060.0
UNIT-001702,SUV,SHIFT_2,1702,102120.0
UNIT-001703,SUV,SHIFT_2,1703,102180.0
UNIT-001704,SEDAN,SHIFT_2,1704,102240.0
UNIT-001705,SEDAN,SHIFT_2,1705,102300.0
UNIT-001706,SEDAN,SHIFT_2,1706,102360.0
UNIT-001707,SEDAN,SHIFT_2,1707,102420.0
UNIT-001708,SUV,SHIFT_2,1708,102480.0
UNIT-001709,SUV,SHIFT_2,1709,102540.0
UNIT-001710,SEDAN,SHIFT_2,1710,102600.0
UNIT-001711,SEDAN,SHIFT_2,1711,102660.0
UNIT-001712,SUV,SHIFT_2,1712,102720.0
UNIT-001713,SEDAN,SHIFT_2,1713,102780.0
UNIT-001714,SUV,SHIFT_2,1714,102840.0
UNIT-001715,SEDAN,SHIFT_2,1715,102900.0
UNIT-001716,SUV,SHIFT_2,1716,102960.0
UNIT-001717,SEDAN,SHIFT_2,1717,103020.0
UNIT-001718,SUV,SHIFT_2,1718,103080.0
UNIT-001719,SEDAN,SHIFT_2,1719,103140.0
UNIT-001720,SEDAN,SHIFT_2,1720,103200.0
UNIT-001721,SEDAN,SHIFT_2,1721,103260.0
UNIT-001722,SEDAN,SHIFT_2,1722,103320.0
UNIT-001723,SEDAN,SHIFT_2,1723,103380.0
UNIT-001724,SUV,SHIFT_2,1724,103440.0
UNIT-001725,SEDAN,SHIFT_2,1725,103500.0
UNIT-001726,SEDAN,SHIFT_2,1726,103560.0
UNIT-001727,SEDAN,SHIFT_2,1727,103620.0
UNIT-001728,SUV,SHIFT_2,1728,103680.0
UNIT-001729,SEDAN,SHIFT_2,1729,103740.0
UNIT-001730,SEDAN,SHIFT_2,1730,103800.0
UNIT-001731,SUV,SHIFT_2,1731,103860.0
UNIT-001732,SUV,SHIFT_2,1732,103920.0
UNIT-001733,SEDAN,SHIFT_2,1733,103980.0
UNIT-001734,SEDAN,SHIFT_2,1734,104040.0
UNIT-001735,SEDAN,SHIFT_2,1735,104100.0
UNIT-001736,SEDAN,SHIFT_2,1736,104160.0
UNIT-001737,SEDAN,SHIFT_2,1737,104220.0
UNIT-001738,SEDAN,SHIFT_2,1738,104280.0
UNIT-001739,SUV,SHIFT_2,1739,104340.0
UNIT-001740,SEDAN,SHIFT_2,1740,104400.0
UNIT-001741,SUV,SHIFT_2,1741,104460.0
UNIT-001742,SEDAN,SHIFT_2,1742,104520.0
UNIT-001743,SEDAN,SHIFT_2,1743,104580.0
UNIT-001744,SEDAN,SHIFT_2,1744,104640.0
UNIT-001745,SEDAN,SHIFT_2,1745,104700.0
UNIT-001746,SEDAN,SHIFT_2,1746,104760.0
UNIT-001747,SEDAN,SHIFT_2,1747,104820.0
UNIT-001748,SEDAN,SHIFT_2,1748,104880.0
UNIT-001749,SUV,SHIFT_2,1749,104940.0
UNIT-001750,SEDAN,SHIFT_2,1750,105000.0
UNIT-001751,SUV,SHIFT_2,1751,105060.0
UNIT-001752,SUV,SHIFT_2,1752,105120.0
UNIT-001753,SUV,SHIFT_2,1753,105180.0
UNIT-001754,SEDAN,SHIFT_2,1754,105240.0
UNIT-001755,SEDAN,SHIFT_2,1755,105300.0
UNIT-001756,SEDAN,SHIFT_2,1756,105360.0
UNIT-001757,SEDAN,SHIFT_2,1757,105420.0
UNIT-001758,SUV,SHIFT_2,1758,105480.0
UNIT-001759,SUV,SHIFT_2,1759,105540.0
UNIT-001760,SEDAN,SHIFT_2,1760,105600.0
UNIT-001761,SEDAN,SHIFT_2,1761,105660.0
UNIT-001762,SEDAN,SHIFT_2,1762,105720.0
UNIT-001763,SEDAN,SHIFT_2,1763,105780.0
UNIT-001764,SEDAN,SHIFT_2,1764,105840.0
UNIT-001765,SEDAN,SHIFT_2,1765,105900.0
UNIT-001766,SUV,SHIFT_2,1766,105960.0
UNIT-001767,SEDAN,SHIFT_2,1767,106020.0
UNIT-001768,SEDAN,SHIFT_2,1768,106080.0
UNIT-001769,SUV,SHIFT_2,1769,106140.0
UNIT-001770,SEDAN,SHIFT_2,1770,106200.0
UNIT-001771,SEDAN,SHIFT_2,1771,106260.0
UNIT-001772,SEDAN,SHIFT_2,1772,106320.0
UNIT-001773,SUV,SHIFT_2,1773,106380.0
UNIT-001774,SUV,SHIFT_2,1774,106440.0
UNIT-001775,SEDAN,SHIFT_2,1775,106500.0
UNIT-001776,SUV,SHIFT_2,1776,106560.0
UNIT-001777,SEDAN,SHIFT_2,1777,106620.0
UNIT-001778,SEDAN,SHIFT_2,1778,106680.0
UNIT-001779,SUV,SHIFT_2,1779,106740.0
UNIT-001780,SEDAN,SHIFT_2,1780,106800.0
UNIT-001781,SEDAN,SHIFT_2,1781,106860.0
UNIT-001782,SEDAN,SHIFT_2,1782,106920.0
UNIT-001783,SUV,SHIFT_2,1783,106980.0
UNIT-001784,SUV,SHIFT_2,1784,107040.0
UNIT-001785,SUV,SHIFT_2,1785,107100.0
UNIT-001786,SUV,SHIFT_2,1786,107160.0
UNIT-001787,SEDAN,SHIFT_2,1787,107220.0
UNIT-001788,SEDAN,SHIFT_2,1788,107280.0
UNIT-001789,SEDAN,SHIFT_2,1789,107340.0
UNIT-001790,SEDAN,SHIFT_2,1790,107400.0
UNIT-001791,SEDAN,SHIFT_2,1791,107460.0
UNIT-001792,SUV,SHIFT_2,1792,107520.0
UNIT-001793,SEDAN,SHIFT_2,1793,107580.0
UNIT-001794,SUV,SHIFT_2,1794,107640.0
UNIT-001795,SEDAN,SHIFT_2,1795,107700.0
UNIT-001796,SEDAN,SHIFT_2,1796,107760.0
UNIT-001797,SEDAN,SHIFT_2,1797,107820.0
UNIT-001798,SUV,SHIFT_2,1798,107880.0
UNIT-001799,SUV,SHIFT_2,1799,107940.0
UNIT-001800,SEDAN,SHIFT_2,1800,108000.0
UNIT-001801,SEDAN,SHIFT_2,1801,108060.0
UNIT-001802,SUV,SHIFT_2,1802,108120.0
UNIT-001803,SUV,SHIFT_2,1803,108180.0
UNIT-001804,SUV,SHIFT_2,1804,108240.0
UNIT-001805,SEDAN,SHIFT_2,1805,108300.0
UNIT-001806,SEDAN,SHIFT_2,1806,108360.0
UNIT-001807,SEDAN,SHIFT_2,1807,108420.0
UNIT-001808,SEDAN,SHIFT_2,1808,108480.0
UNIT-001809,SUV,SHIFT_2,1809,108540.0
UNIT-001810,SEDAN,SHIFT_2,1810,108600.0
UNIT-001811,SUV,SHIFT_2,1811,108660.0
UNIT-001812,SUV,SHIFT_2,1812,108720.0
UNIT-001813,SEDAN,SHIFT_2,1813,108780.0
UNIT-001814,SEDAN,SHIFT_2,1814,108840.0
UNIT-001815,SUV,SHIFT_2,1815,108900.0
UNIT-001816,SUV,SHIFT_2,1816,108960.0
UNIT-001817,SEDAN,SHIFT_2,1817,109020.0
UNIT-001818,SEDAN,SHIFT_2,1818,109080.0
UNIT-001819,SEDAN,SHIFT_2,1819,109140.0
UNIT-001820,SEDAN,SHIFT_2,1820,109200.0
UNIT-001821,SEDAN,SHIFT_2,1821,109260.0
UNIT-001822,SEDAN,SHIFT_2,1822,109320.0
UNIT-001823,SEDAN,SHIFT_2,1823,109380.0
UNIT-001824,SEDAN,SHIFT_2,1824,109440.0
UNIT-001825,SEDAN,SHIFT_2,1825,109500.0
UNIT-001826,SEDAN,SHIFT_2,1826,109560.0
UNIT-001827,SEDAN,SHIFT_2,1827,109620.0
UNIT-001828,SEDAN,SHIFT_2,1828,109680.0
UNIT-001829,SEDAN,SHIFT_2,1829,109740.0
UNIT-001830,SUV,SHIFT_2,1830,109800.0
UNIT-001831,SEDAN,SHIFT_2,1831,109860.0
UNIT-001832,SUV,SHIFT_2,1832,109920.0
UNIT-001833,SEDAN,SHIFT_2,1833,109980.0
UNIT-001834,SUV,SHIFT_2,1834,110040.0
UNIT-001835,SEDAN,SHIFT_2,1835,110100.0
UNIT-001836,SEDAN,SHIFT_2,1836,110160.0
UNIT-001837,SUV,SHIFT_2,1837,110220.0
UNIT-001838,SEDAN,SHIFT_2,1838,110280.0
UNIT-001839,SEDAN,SHIFT_2,1839,110340.0
UNIT-001840,SEDAN,SHIFT_2,1840,110400.0
UNIT-001841,SEDAN,SHIFT_2,1841,110460.0
UNIT-001842,SEDAN,SHIFT_2,1842,110520.0
UNIT-001843,SEDAN,SHIFT_2,1843,110580.0
UNIT-001844,SUV,SHIFT_2,1844,110640.0
UNIT-001845,SEDAN,SHIFT_2,1845,110700.0
UNIT-001846,SEDAN,SHIFT_2,1846,110760.0
UNIT-001847,SEDAN,SHIFT_2,1847,110820.0
UNIT-001848,SEDAN,SHIFT_2,1848,110880.0
UNIT-001849,SUV,SHIFT_2,1849,110940.0
UNIT-001850,SEDAN,SHIFT_2,1850,111000.0
UNIT-001851,SUV,SHIFT_2,1851,111060.0
UNIT-001852,SEDAN,SHIFT_2,1852,111120.0
UNIT-001853,SEDAN,SHIFT_2,1853,111180.0
UNIT-001854,SEDAN,SHIFT_2,1854,111240.0
UNIT-001855,SEDAN,SHIFT_2,1855,111300.0
UNIT-001856,SEDAN,SHIFT_2,1856,111360.0
UNIT-001857,SEDAN,SHIFT_2,1857,111420.0
UNIT-001858,SEDAN,SHIFT_2,1858,111480.0
UNIT-001859,SUV,SHIFT_2,1859,111540.0
UNIT-001860,SEDAN,SHIFT_2,1860,111600.0
UNIT-001861,SUV,SHIFT_2,1861,111660.0
UNIT-001862,SEDAN,SHIFT_2,1862,111720.0
UNIT-001863,SEDAN,SHIFT_2,1863,111780.0
UNIT-001864,SUV,SHIFT_2,1864,111840.0
UNIT-001865,SEDAN,SHIFT_2,1865,111900.0
UNIT-001866,SEDAN,SHIFT_2,1866,111960.0
UNIT-001867,SEDAN,SHIFT_2,1867,112020.0
UNIT-001868,SUV,SHIFT_2,1868,112080.0
UNIT-001869,SUV,SHIFT_2,1869,112140.0
UNIT-001870,SEDAN,SHIFT_2,1870,112200.0
UNIT-001871,SEDAN,SHIFT_2,1871,112260.0
UNIT-001872,SUV,SHIFT_2,1872,112320.0
UNIT-001873,SUV,SHIFT_2,1873,112380.0
UNIT-001874,SUV,SHIFT_2,1874,112440.0
UNIT-001875,SEDAN,SHIFT_2,1875,112500.0
UNIT-001876,SUV,SHIFT_2,1876,112560.0
UNIT-001877,SEDAN,SHIFT_2,1877,112620.0
UNIT-001878,SEDAN,SHIFT_2,1878,112680.0
UNIT-001879,SEDAN,SHIFT_2,1879,112740.0
UNIT-001880,SUV,SHIFT_2,1880,112800.0
UNIT-001881,SEDAN,SHIFT_2,1881,112860.0
UNIT-001882,SEDAN,SHIFT_2,1882,112920.0
UNIT-001883,SUV,SHIFT_2,1883,112980.0
UNIT-001884,SEDAN,SHIFT_2,1884,113040.0
UNIT-001885,SEDAN,SHIFT_2,1885,113100.0
UNIT-001886,SEDAN,SHIFT_2,1886,113160.0
UNIT-001887,SUV,SHIFT_2,1887,113220.0
UNIT-001888,SUV,SHIFT_2,1888,113280.0
UNIT-001889,SUV,SHIFT_2,1889,113340.0
UNIT-001890,SEDAN,SHIFT_2,1890,113400.0
UNIT-001891,SUV,SHIFT_2,1891,113460.0
UNIT-001892,SEDAN,SHIFT_2,1892,113520.0
UNIT-001893,SUV,SHIFT_2,1893,113580.0
UNIT-001894,SEDAN,SHIFT_2,1894,113640.0
UNIT-001895,SEDAN,SHIFT_2,1895,113700.0
UNIT-001896,SEDAN,SHIFT_2,1896,113760.0
UNIT-001897,SUV,SHIFT_2,1897,113820.0
UNIT-001898,SEDAN,SHIFT_2,1898,113880.0
UNIT-001899,SUV,SHIFT_2,1899,113940.0
UNIT-001900,SEDAN,SHIFT_2,1900,114000.0
UNIT-001901,SEDAN,SHIFT_2,1901,114060.0
UNIT-001902,SEDAN,SHIFT_2,1902,114120.0
UNIT-001903,SEDAN,SHIFT_2,1903,114180.0
UNIT-001904,SEDAN,SHIFT_2,1904,114240.0
UNIT-001905,SUV,SHIFT_2,1905,114300.0
UNIT-001906,SUV,SHIFT_2,1906,114360.0
UNIT-001907,SUV,SHIFT_2,1907,114420.0
UNIT-001908,SEDAN,SHIFT_2,1908,114480.0
UNIT-001909,SUV,SHIFT_2,1909,114540.0
UNIT-001910,SEDAN,SHIFT_2,1910,114600.0
UNIT-001911,SUV,SHIFT_2,1911,114660.0
UNIT-001912,SUV,SHIFT_2,1912,114720.0
UNIT-001913,SUV,SHIFT_2,1913,114780.0
UNIT-001914,SUV,SHIFT_2,1914,114840.0
UNIT-001915,SEDAN,SHIFT_2,1915,114900.0
UNIT-001916,SEDAN,SHIFT_2,1916,114960.0
UNIT-001917,SUV,SHIFT_2,1917,115020.0
UNIT-001918,SEDAN,SHIFT_2,1918,115080.0
UNIT-001919,SEDAN,SHIFT_2,1919,115140.0
